Name,year,Esrp,Genre,rate,vote,country,company,Global_Sales
Wiedzmin 3: Dziki Gon Krew i wino,2016,Mature,Drama,9.8,7000,Poland,CD Projekt RED,82.54
Red Dead Redemption II,2018,Mature,Crime,9.7,35000,United Kingdom,Rockstar Games,40.24
Wiedzmin 3: Dziki Gon,2015,Mature,Drama,9.7,26000,Poland,CD Projekt RED,35.57
The Last of Us,2013,Mature,Drama,9.7,60000,United States,Naughty Dog,32.78
Mass Effect: Legendary Edition,2021,Mature,Sci-Fi,9.7,1000,United States,Unknown,31.37
God of War,2018,Mature,Drama,9.6,26000,United States,SCEA Santa Monica Studios,30.26
Perusona 5: Za roiyaru,2019,Mature,Fantasy,9.6,1000,Japan,Atlus,29.81
Zeruda no densetsu: Toki no okarina,1998,Everyone,Fantasy,9.6,9000,Japan,Nintendo Entertainment Analysis and Development (EAD) (I),28.92
Metal Gear Solid,1998,Mature,Drama,9.6,12000,Japan,Konami Computer Entertainment,28.38
Wiedzmin 3: Dziki Gon - Serca z kamienia,2015,Mature,Drama,9.5,6000,Poland,CD Projekt RED,28.31
Uncharted 4: A Thief's End,2016,Teen,Drama,9.5,28000,United States,Naughty Dog,24.67
Zeruda no densetsu: Buresu obu za wairudo,2017,Everyone10+,Fantasy,9.5,7000,United States,Nintendo Entertainment Planning & Development (EPD),23.22
Grand Theft Auto V,2013,Mature,Crime,9.5,59000,United Kingdom,Rockstar Games,23.1
Mass Effect 2,2010,Mature,Drama,9.5,20000,United States,Bioware,22.7
Red Dead Redemption,2010,Mature,Crime,9.5,26000,United States,Rockstar Games,21.86
Half-Life: Alyx,2020,Not Rated,Horror,9.5,710,United States,Valve,21.79
Elden Ring,2022,Mature,Fantasy,9.5,3000,Japan,Bandai Namco Entertainment,21.12
Metal Gear Solid 3: Subsistence,2005,Mature,Drama,9.5,2000,Japan,Kojima Productions,20.81
Metal Gear Solid 3: Snake Eater,2004,Mature,Drama,9.5,10000,Japan,Konami Computer Entertainment,20.61
Star Wars: Knights of the Old Republic,2003,Teen,Fantasy,9.5,8000,United States,Bioware,20.15
Chrono Trigger,1995,Everyone,Fantasy,9.5,3000,Japan,Square Company,18.25
Fainaru fantajî VII,1997,Teen,Fantasy,9.5,10000,Japan,Square Company,18.14
Fallout 2: A Post-Nuclear Role-Playing Game,1998,Mature,Sci-Fi,9.5,3000,United States,Interplay Entertainment,17.28
Uncharted: The Nathan Drake Collection,2015,Teen,Fantasy,9.4,5000,United States,Sony Interactive Entertainment,16.3
Bloodborne: The Old Hunters,2015,Mature,Fantasy,9.4,1000,Japan,From Software,16.15
Final Fantasy X/X-2: HD Remaster,2013,Teen,Fantasy,9.4,8,Japan,Square Enix Company,15.85
The Elder Scrolls V: Skyrim,2011,Mature,Fantasy,9.4,29000,United States,Bethesda Game Studios,15.29
Tiny Thief,2013,Everyone,Crime,9.4,7,Finland,5 Ants Games,15.14
Portal 2,2011,Everyone10+,Sci-Fi,9.4,15000,United States,Valve,14.98
Batman: Arkham City,2011,Teen,Crime,9.4,31000,United Kingdom,DC Entertainment,14.92
Uncharted: Legacy of Thieves Collection,2022,Teen,Drama,9.4,244,United States,Naughty Dog,14.8
Uncharted 2: Among Thieves,2009,Teen,Fantasy,9.4,25000,United States,Naughty Dog,14.77
Batman: Arkham Collection,2018,Mature,Adventure,9.4,258,United States,Unknown,14.67
Metal Gear Solid 4: Guns of the Patriots,2008,Mature,Drama,9.4,11000,Japan,Kojima Productions,14.64
Grand Theft Auto: San Andreas,2004,Mature,Crime,9.4,39000,United Kingdom,Rockstar North,13.79
Half-Life 2,2004,Mature,Sci-Fi,9.4,16000,United States,Valve,13.69
Silent Hill 2,2001,Mature,Mystery,9.4,6000,Japan,Creature Labs,13.48
Forgotten Realms: Baldur's Gate II - Shadows of Amn,2000,Teen,Fantasy,9.4,2000,United States,Bioware,13.36
Planescape: Torment,1999,Teen,Fantasy,9.4,2000,United States,Black Isle Studios,13.32
Kingdom Hearts HD 1.5 + 2.5 Remix,2017,Everyone10+,Family,9.3,657,Japan,Disney Interactive Japan,13.1
Persona 5,2016,Mature,Fantasy,9.3,2000,Japan,Atlus,13.04
P.T.,2014,Not Rated,Mystery,9.3,1000,United States,Kojima Productions,12.87
Persona 4 Golden,2012,Mature,Fantasy,9.3,1000,Japan,Atlus,12.64
Zeruda no densetsu: Toki no okarina 3D,2011,Everyone10+,Family,9.3,1000,Japan,Grezzo,12.13
Mass Effect 3: Citadel,2013,Mature,Sci-Fi,9.3,139,Canada,Bioware,12.12
Kingdom Hearts II: Final Mix+,2007,Not Rated,Family,9.3,1000,Japan,Square Enix Company,11.95
Wanda to kyozô,2005,Teen,Drama,9.3,4000,Japan,Sony Computer Entertainment,11.89
Kingdom Hearts II,2005,Everyone10+,Family,9.3,7000,Japan,Buena Vista Games,11.77
Zeruda no densetsu: Kamigami no toraifôsu,1991,Everyone,Fantasy,9.3,3000,Japan,Nintendo Entertainment Analysis and Development (EAD) (I),11.66
The Secret of Monkey Island,1990,Everyone,Fantasy,9.3,3000,United States,Lucasfilm Games,11.4
Monkey Island 2: LeChuck's Revenge,1991,Not Rated,Fantasy,9.3,2000,United States,LucasArts Entertainment Company,11.36
Higurashi: When They Cry Kai,2004,Not Rated,Mystery,9.2,47,Japan,Unknown,11.18
Ghost of Tsushima,2020,Mature,Drama,9.2,8000,United States,Sucker Punch Productions,11.01
Spider-Man,2018,Teen,Fantasy,9.2,20000,United States,Insomniac Games,10.95
Batman: Return to Arkham,2016,Teen,Crime,9.2,1000,United Kingdom,Rocksteady Studios,10.87
Detroit: Become Human,2018,Mature,Drama,9.2,17000,France,Quantic Dream,10.7
Kidou Butoden G-Gundam,1994,Not Rated,Action,9.2,7,Japan,Unknown,10.6
Bloodborne,2015,Mature,Fantasy,9.2,5000,Japan,From Software,10.55
Kingdom Hearts HD 2.5 Remix,2014,Everyone10+,Family,9.2,852,Japan,Square Enix Company,10.51
The Orange Box,2007,Mature,Comedy,9.2,691,United States,Valve,10.49
The Walking Dead: The Game - Season 1,2012,Mature,Sci-Fi,9.2,13000,United States,Telltale Games,10.31
Scarface: Money. Power. Respect.,2006,Mature,Action,9.2,81,United States,PlayStation Portable,10.28
GTAV,2013,Not Rated,Drama,9.2,133,Unknown,Rockstar New York,10.12
Fire Pro Wrestling World,2017,Not Rated,Action,9.2,5,Japan,Unknown,10.05
The Great Ace Attorney 2: Resolve,2017,Not Rated,Unknown,9.2,47,Japan,Capcom Company,9.9
Disco Elysium - The Final Cut,2021,Mature,Drama,9.2,332,United Kingdom,Unknown,9.87
It Takes Two,2021,Teen,Drama,9.2,2000,Sweden,Hazelight Studios,9.77
Omori,2020,Mature,Fantasy,9.2,358,Unknown,Unknown,9.72
Persona 4,2008,Mature,Fantasy,9.2,1000,Japan,Atlus,9.49
Rain World,2017,Everyone10+,Fantasy,9.2,12,United States,Videocult,9.44
Batman: Arkham Asylum,2009,Teen,Crime,9.2,27000,United Kingdom,DC Comics,9.37
Horizon: Forbidden West,2022,Teen,Mystery,9.2,2000,Netherlands,Guerrilla Games,9.35
Phoenix Wright: Ace Attorney Trilogy,2019,Teen,Crime,9.2,102,Japan,Capcom Company,9.34
Battle Through the Heavens,2018,Not Rated,Unknown,9.2,25,China,Tencent Games,9.3
Hoko no yuusha no nariagari: Relive the Animation,2019,Not Rated,Adventure,9.2,6,Japan,Unknown,9.3
Trogdor!,2003,Not Rated,Fantasy,9.2,6,United States,Videlectrix,9.07
Mass Effect,2007,Mature,Drama,9.2,18000,United States,Bioware,8.91
God of War II,2007,Mature,Fantasy,9.2,9000,United States,SCEA Santa Monica Studios,8.84
Biohazard 4,2005,Mature,Fantasy,9.2,13000,Japan,Armature Studio,8.76
Mafia: The City of Lost Heaven,2002,Mature,Drama,9.2,5000,Czech Republic,Illusion Softworks,8.6
Kingdom Hearts,2002,Everyone,Family,9.2,7000,Japan,Disney Interactive Japan,8.49
Grand Theft Auto: Vice City,2002,Mature,Drama,9.2,26000,United Kingdom,Rockstar North,8.39
Metal Gear Solid: Integral,1999,Not Rated,Drama,9.2,359,Japan,Konami Computer Entertainment,8.28
Max Payne,2001,Mature,Drama,9.2,15000,Finland,Remedy Entertainment,8.21
Deus Ex,2000,Mature,Drama,9.2,3000,United States,Eidos Interactive,8.17
Akumajo Dracula X: Gekka no Yasokyoku,1997,Teen,Fantasy,9.2,1000,Japan,Konami Computer Entertainment,8.09
Super Mario Bros. 3,1988,Not Rated,Family,9.2,5000,Japan,Nintendo Entertainment Analysis and Development (EAD) (I),8.08
Half-Life,1998,Mature,Thriller,9.2,10000,United States,Valve,8.05
Super Mario World,1990,Everyone,Family,9.2,4000,Japan,Nintendo Entertainment Analysis and Development (EAD) (I),8.01
StarCraft,1998,Teen,Sci-Fi,9.2,5000,United States,Blizzard Entertainment,7.99
Grim Fandango,1998,Teen,Crime,9.2,3000,United States,LucasArts Entertainment Company,7.86
Fallout: A Post-Nuclear Role-Playing Game,1997,Mature,Sci-Fi,9.2,3000,United States,Interplay Entertainment,7.81
Growlanser VI: Precarious World,2007,Not Rated,Adventure,9.1,18,Japan,Career Soft,7.72
Astro Bot: Rescue Mission,2018,Everyone10+,Sci-Fi,9.1,195,Japan,SIE Japan Studio,7.69
Higurashi: When They Cry,2002,Not Rated,Mystery,9.1,66,Japan,Unknown,7.68
Resident Evil 2,2019,Mature,Sci-Fi,9.1,6000,Japan,Capcom Company,7.62
Umineko When They Cry Chiru,2009,Not Rated,Mystery,9.1,75,Japan,07th Expansion,7.6
Super Mario Odyssey,2017,Everyone10+,Adventure,9.1,4000,Japan,Nintendo Entertainment Planning & Development (EPD),7.58
Final Fantasy VII Remake,2020,Teen,Fantasy,9.1,3000,Japan,Square Enix Company,7.54
Dark Souls III,2016,Mature,Fantasy,9.1,4000,Japan,From Software,7.46
Mob of the Dead,2013,Not Rated,Thriller,9.1,852,United States,Activision,7.44
Dark Souls,2011,Mature,Fantasy,9.1,4000,Japan,From Software,7.42
Super Mario World: Super Mario Advance 2,2001,Everyone,Family,9.1,9,Japan,Nintendo,7.41
Mass Effect 3,2012,Mature,Sci-Fi,9.1,15000,Canada,Bioware,7.33
BioShock Infinite,2013,Mature,Drama,9.1,20000,United States,Irrational Games,7.28
Dragon Age: Origins,2009,Mature,Fantasy,9.1,7000,Canada,Bioware,7.23
Soul Knight,2017,Everyone10+,Fantasy,9.1,11,United States,ChillyRoom,7.2
Toraianguru sutoratejî,2022,Teen,Fantasy,9.1,52,Japan,Artdink,7.2
Dark Souls: Artorias of the Abyss,2012,Not Rated,Fantasy,9.1,347,Japan,From Software,7.18
Bioshock: The Collection,2016,Mature,Horror,9.1,408,United States,Unknown,7.16
Metal Gear Solid: HD Collection,2011,Not Rated,War,9.1,65,United States,Bluepoint Games,7.16
Assassin's Creed II,2009,Mature,History,9.1,23000,Canada,Ubisoft Montreal,7.13
God of War III,2010,Mature,Fantasy,9.1,10000,United States,SCEA Santa Monica Studios,7.07
Portal,2007,Teen,Sci-Fi,9.1,13000,United States,Valve,6.95
Disco Elysium,2019,Mature,Drama,9.1,728,Estonia,Za/Um,6.9
The Walking Dead: The Telltale Definitive Series,2019,Not Rated,Thriller,9.1,471,United States,Skybound Entertainment,6.83
BioShock,2007,Mature,Horror,9.1,20000,United States,2K Games,6.82
Fallout 3,2008,Mature,Sci-Fi,9.1,19000,United States,Bethesda Game Studios,6.76
Lego Star Wars: The Skywalker Saga,2022,Everyone10+,Comedy,9.1,1000,United Kingdom,The LEGO Group,6.75
Gothic II,2002,Mature,Fantasy,9.1,763,Germany,Piranha Bytes,6.74
Half-Life 2: Episode Two,2007,Mature,Sci-Fi,9.1,6000,United States,Valve,6.72
Vampire: The Masquerade - Bloodlines,2004,Mature,Fantasy,9.1,1000,United States,Troika Games,6.69
God of War,2005,Mature,Fantasy,9.1,10000,United States,SCEA Santa Monica Studios,6.67
Max Payne 2: The Fall of Max Payne,2003,Mature,Drama,9.1,11000,Finland,Remedy Entertainment,6.65
Metal Gear: Ghost Babel,2000,Everyone,Sci-Fi,9.1,1000,Japan,Konami Computer Entertainment,6.63
Biohazard,2002,Mature,Mystery,9.1,4000,Japan,Capcom Company,6.51
UFO - Enemy Unknown,1994,Not Rated,Thriller,9.1,383,United Kingdom,MicroProse Software Inc.,6.51
Master of Orion II: Battle at Antares,1996,Not Rated,Sci-Fi,9.1,142,United States,MicroProse Software Inc.,6.48
Fainaru fantajî X,2001,Teen,Romance,9.1,7000,Japan,Square Company,6.47
Shenmue,1999,Teen,Crime,9.1,1000,Japan,SEGA/AM2 Company,6.46
Super Metroid,1994,Everyone,Mystery,9.1,2000,Japan,Nintendo,6.43
GoldenEye 007,1997,Teen,Thriller,9.1,5000,United Kingdom,Rare,6.42
Super Mario 64,1996,Adults Only,Comedy,9.1,6000,Japan,Nintendo,6.41
Biohazard 2,1998,Mature,Sci-Fi,9.1,5000,Japan,Capcom Company,6.4
The Curse of Monkey Island,1997,Adults Only,Fantasy,9.1,2000,United States,LucasArts Entertainment Company,6.39
Gabriel Knight: Sins of the Fathers,1993,Teen,Horror,9.1,678,United States,Sierra Entertainment,6.35
Chaos;Child,2014,Not Rated,Sci-Fi,9,16,Japan,Unknown,6.34
Ori and the Will of the Wisps,2020,Everyone,Fantasy,9,1000,Austria,Moon Studios,6.31
Uma Musume: Pretty Derby,2021,Not Rated,Sport,9,5,Japan,Cygames,6.31
Ace Academy,2016,Everyone10+,Comedy,9,5,Canada,PixelFade,6.3
Cyber Danganronpa VR: The Class Trial,2016,Teen,Unknown,9,7,Japan,NIS America,6.27
Assassin's Creed: The Ezio Collection,2016,Mature,Fantasy,9,710,United States,Unknown,6.21
Fairy Fencer F: Advent Dark Force,2016,Teen,Fantasy,9,100,Japan,Compile Heart,6.19
Kingdom Hearts HD 1.5 Remix,2013,Everyone10+,Family,9,818,Japan,Disney Interactive Japan,6.09
Horizon Zero Dawn,2017,Teen,Mystery,9,14000,Netherlands,Guerrilla Games,6.08
Fairy Fencer F,2013,Teen,Fantasy,9,99,Japan,Compile Heart,6.05
Batman: Arkham Knight,2015,Mature,Crime,9,19000,United Kingdom,DC Entertainment,6.03
Zeruda no densetsu: Kaze no takuto HD,2013,Everyone10+,Fantasy,9,1000,Japan,Nintendo Entertainment Analysis and Development (EAD) (I),6.03
AI: The Somnium Files - nirvanA Initiative,2022,Mature,Mystery,9,27,Japan,Unknown,5.99
Terminator: Resistance Annihilation Line,2021,Not Rated,Action,9,5,United Kingdom,Reef Entertainment,5.95
Uncharted 3: Drake's Deception,2011,Teen,Fantasy,9,22000,United States,Naughty Dog,5.89
Zenobureido,2010,Teen,Fantasy,9,632,Japan,Monolith Soft,5.82
Doki Doki Literature Club Plus!,2021,Mature,Romance,9,71,United States,Serenity Forge,5.82
Halo 2: Anniversary,2014,Mature,Sci-Fi,9,343,United States,343 Industries,5.8
Postal: Brain Damaged,2022,Mature,Comedy,9,6,United States,CreativeForge Games,5.78
Granny Smith,2012,Everyone,Comedy,9,7,United States,Mediocre AB,5.74
Kimi to Kanojo to Kanojo no Koi,2013,Not Rated,Romance,9,10,Japan,Unknown,5.74
Final Fantasy Chronicles,2001,Teen,Comedy,9,6,Japan,Toei Animation,5.66
Imscared - A Pixelated Nightmare,2016,Not Rated,Thriller,9,13,United States,Ivan Zanotti's MyMadnessWorks,5.64
The Great Ace Attorney Chronicles,2021,Teen,Drama,9,73,Japan,Capcom Company,5.64
Gothic II: Die Nacht des Raben,2003,Not Rated,Fantasy,9,387,Germany,Piranha Bytes,5.58
Wallace & Gromit: The Big Fix Up,2020,Not Rated,Mystery,9,13,United Kingdom,Aardman Animations,5.55
Hoshi no kâbî: Urutora sûpâ derakkusu,2008,Everyone,Action,9,427,Japan,HAL Laboratory,5.55
Ratchet & Clank: Rift Apart,2021,Everyone10+,Comedy,9,1000,United States,Insomniac Games,5.54
Persona 3 FES,2007,Mature,Fantasy,9,688,Japan,Atlus,5.49
Call of Duty 4: Modern Warfare,2007,Mature,Thriller,9,22000,United States,Infinity Ward,5.49
Final Fantasy XIV: Shadowbringers,2019,Teen,Fantasy,9,161,Japan,Square Enix Company,5.48
Super Mario Galaxy,2007,Everyone,Family,9,5000,Japan,Nintendo Entertainment Analysis and Development (EAD) (I),5.48
Championship Manager 2001/02,2001,Not Rated,Sport,9,192,United Kingdom,Eidos Interactive,5.47
Mother 3,2006,Teen,Drama,9,457,Japan,Brownie Brown,5.46
Little Big Adventure 2,1997,Not Rated,Adventure,9,214,France,Adeline Software,5.45
The Elder Scrolls IV: Oblivion,2006,Teen,Fantasy,9,12000,United States,Bethesda Game Studios,5.42
Zeruda no densetsu Towairaito purinsesu,2006,Teen,Fantasy,9,5000,Japan,Nintendo Entertainment Analysis and Development (EAD) (I),5.41
Paper Mario RPG,2004,Everyone,Fantasy,9,1000,Japan,Intelligent Systems,5.4
Heroes of Might and Magic III: The Restoration of Erathia,1999,Not Rated,Fantasy,9,1000,United States,New World Computing,5.39
Metal Gear Solid 2: Substance,2002,Mature,Drama,9,2000,Japan,Konami Computer Entertainment,5.34
Zeruda no densetsu: Kaze no takuto,2002,Everyone,Fantasy,9,3000,Japan,Nintendo Entertainment Analysis and Development (EAD) (I),5.34
Gensô suikoden II,1998,Teen,Drama,9,424,Japan,Konami Computer Entertainment,5.31
StarCraft: Brood War,1998,Teen,Sci-Fi,9,2000,United States,Blizzard Entertainment,5.3
Dai-Rantô Smash Brothers Deluxe,2001,Teen,Sci-Fi,9,3000,Japan,GameCube,5.3
Diablo II: Lord of Destruction,2001,Mature,Fantasy,9,2000,United States,Blizzard Entertainment,5.29
Shenmue II,2001,Teen,Crime,9,853,Japan,SEGA/AM2 Company,5.29
Baldur's Gate II: Throne of Bhaal,2001,Not Rated,Fantasy,9,1000,Canada,Bioware,5.29
Zeruda no densetsu: Mujura no kamen,2000,Everyone,Family,9,3000,Japan,Nintendo Entertainment Analysis and Development (EAD) (I),5.28
Diablo II,2000,Mature,Fantasy,9,4000,United States,Blizzard Entertainment,5.27
Metal Gear Solid 2: Sons of Liberty,2001,Mature,Drama,9,8000,Japan,Konami Computer Entertainment,5.27
Indiana Jones and the Fate of Atlantis,1992,Not Rated,Fantasy,9,1000,United States,LucasArts Entertainment Company,5.24
Jagged Alliance 2,1999,Not Rated,Action,9,302,Canada,Sir-Tech,5.23
Sûpâ Mario korekushon,1993,Not Rated,Family,9,1000,Japan,Nintendo,5.21
The Longest Journey,1999,Mature,Fantasy,9,1000,Norway,Funcom,5.2
The Neverhood,1996,Teen,Mystery,9,573,United States,DreamWorks Interactive,5.19
Final Fantasy VI,1994,Teen,Fantasy,9,2000,Japan,Square Company,5.19
Day of the Tentacle,1993,Not Rated,Sci-Fi,9,1000,United States,LucasArts Entertainment Company,5.17
Silent Hill,1999,Mature,Mystery,9,5000,Japan,Konami Computer Entertainment,5.17
The Beast Within: A Gabriel Knight Mystery,1995,Mature,Horror,9,776,Canada,Sierra Entertainment,5.15
Hades,2018,Teen,Fantasy,8.9,1000,United States,Supergiant Games,5.13
Faiâ emuburemu: Fuuka setsugetsu,2019,Teen,Fantasy,8.9,694,Japan,Intelligent Systems,5.13
The Legend of Zelda: Majora's Mask 3D,2015,Everyone10+,Fantasy,8.9,726,Japan,Grezzo,5.12
Kurobara no warukyûre,2016,Teen,Action,8.9,19,Japan,Compile Heart,5.12
Der Eisendrache,2016,Not Rated,Horror,8.9,235,United States,Treyarch Invention,5.1
Deep Sleep,2012,Not Rated,Mystery,8.9,14,Poland,Unknown,5.09
Super Smash Bros. Ultimate,2018,Everyone10+,Fantasy,8.9,3000,Japan,Bandai Namco Entertainment,5.09
Life Is Strange,2015,Mature,Sci-Fi,8.9,12000,France,Dontnod Entertainment,5.08
Halo: The Master Chief Collection,2014,Mature,Sci-Fi,8.9,2000,United States,343 Industries,5.07
Ryû ga gotoku Zero: Chikai no basho,2015,Mature,Drama,8.9,1000,Japan,Ryu Ga Gotoku Studio,5.07
Tales from the Borderlands: A Telltale Games Series,2014,Mature,Sci-Fi,8.9,3000,United States,Gearbox Software,5.06
The Last of Us: Left Behind,2014,Mature,Drama,8.9,9000,United States,Naughty Dog,5.05
The Wolf Among Us,2013,Mature,Drama,8.9,7000,United States,DC Entertainment,5.03
Black Sails: Das Geisterschiff,2010,Not Rated,Adventure,8.9,79,Germany,Deck 13 Interactive,5.02
Parodius: Tako wa Chikyû o Sukuu,1988,Not Rated,Family,8.9,55,Japan,Konami Industries,5.01
Growlanser: Wayfarer of Time,2003,Teen,Drama,8.9,23,Japan,Career Soft,5
Far Cry 3,2012,Mature,Adventure,8.9,19000,Canada,Ubisoft Massive Studio,4.98
South Park: The Stick of Truth,2014,Mature,Comedy,8.9,4000,United States,345 Games,4.98
Destiny 2: The Witch Queen,2022,Teen,Action,8.9,102,United States,Bungie Studios,4.94
Achtung Banditen?!,2022,Not Rated,History,8.9,31,Italy,RedMagicBlue,4.93
Fallout: New Vegas,2010,Mature,Sci-Fi,8.9,12000,United States,Obsidian Entertainment,4.93
Super Mario Galaxy 2,2010,Everyone,Family,8.9,2000,Japan,Nintendo Entertainment Analysis and Development (EAD) (I),4.92
Rogue Legacy 2,2022,Everyone10+,Adventure,8.9,7,Canada,Cellar Door Games,4.91
Death Stranding Director's Cut,2021,Mature,Drama,8.9,270,Japan,Kojima Productions,4.88
Mass Effect 2: Lair of the Shadow Broker,2010,Mature,Sci-Fi,8.9,68,Canada,Bioware,4.87
Cuphead: The Delicious Last Course,2022,Everyone10+,Adventure,8.9,110,Canada,Studio MDHR,4.85
Age of Empires II: Definitive Edition,2019,Not Rated,Adventure,8.9,110,United States,Forgotten Empires,4.85
Dark Souls III: The Ringed City,2017,Not Rated,Fantasy,8.9,287,Japan,From Software,4.82
Cookie Run: Ovenbreak,2016,Everyone,Adventure,8.9,9,South Korea,Devsisters,4.8
Blaseball,2020,Not Rated,Sport,8.9,9,United States,The Game Band,4.8
Metal Gear Solid: The Legacy Collection,2013,Not Rated,Unknown,8.9,34,Japan,Unknown,4.79
Metroid Prime: Trilogy,2009,Teen,Mystery,8.9,35,Japan,Unknown,4.76
Dark Souls Trilogy,2018,Mature,Fantasy,8.9,95,Japan,Unknown,4.73
Forza Horizon 4: Best of Bond,2018,Not Rated,Adventure,8.9,16,United Kingdom,Microsoft Studios,4.73
Boneworks,2019,Mature,Sci-Fi,8.9,79,United States,Stress Level Zero,4.7
ZS Dead Detective - Pumpkin Dead,2019,Not Rated,Mystery,8.9,7,Italy,Armor Games,4.68
Sherlock: The Network,2014,Not Rated,Crime,8.9,101,United Kingdom,The Project Factory,4.67
The Stanley Parable: Ultra Deluxe,2022,Not Rated,Fantasy,8.9,166,United States,Crows Crows Crows,4.63
Persona 3,2006,Mature,Fantasy,8.9,787,Japan,Atlus,4.62
Gothic,2001,Not Rated,Fantasy,8.9,770,Germany,Piranha Bytes,4.62
Grand Theft Auto IV,2008,Mature,Drama,8.9,34000,United Kingdom,Rockstar North,4.62
The Warriors,2005,Mature,Thriller,8.9,1000,Canada,Rockstar Toronto,4.61
Star Wars: Knights of the Old Republic II - The Sith Lords,2004,Teen,Drama,8.9,5000,United States,Obsidian Entertainment,4.61
Quest for Glory I: So You Want to Be a Hero,1989,Not Rated,Fantasy,8.9,116,United States,Sierra Entertainment,4.6
Warcraft III: The Frozen Throne,2003,Not Rated,Fantasy,8.9,3000,United States,Unknown,4.6
Metal Gear Solid: The Twin Snakes,2004,Mature,Drama,8.9,1000,Japan,Silicon Knights,4.57
Eternal Darkness: Sanity's Requiem,2002,Mature,Horror,8.9,785,Canada,Nintendo,4.54
Metroid Prime,2002,Teen,Mystery,8.9,2000,United States,GameCube,4.53
System Shock 2,1999,Mature,Horror,8.9,1000,United States,Irrational Games,4.53
Arcanum: Of Steamworks and Magick Obscura,2001,Mature,Fantasy,8.9,404,United States,Unknown,4.53
Warcraft III: Reign of Chaos,2002,Not Rated,Fantasy,8.9,3000,United States,Blizzard Entertainment,4.51
Tenchi souzou,1995,Not Rated,Fantasy,8.9,215,United Kingdom,Enix,4.5
Xenogears,1998,Teen,Fantasy,8.9,648,Japan,Square Company,4.49
Poketto monsutâ aka,1996,Everyone,Family,8.9,2000,Japan,Creatures,4.48
Broken Sword: The Shadow of the Templars,1996,Not Rated,Romance,8.9,1000,United Kingdom,Revolution Software,4.47
Mother 2: Gîgu no gyakushuu,1994,Teen,Fantasy,8.9,1000,Japan,Ape,4.47
Civilization II,1996,Not Rated,History,8.9,924,United States,AWE Games,4.45
Bio Hazard,1996,Mature,Mystery,8.9,5000,Japan,Capcom Company,4.42
Super Mario Bros.,1985,Not Rated,Fantasy,8.9,6000,Japan,Nintendo Entertainment Analysis and Development (EAD) (I),4.41
Titanic: Adventure Out of Time,1996,Teen,Mystery,8.9,307,United States,Cyberflix Inc.,4.39
The Pandora Directive,1996,Not Rated,Comedy,8.9,267,United States,Access Software Inc.,4.39
Baldur's Gate,1998,Teen,Fantasy,8.9,1000,United States,Bioware,4.38
Freelancer,2003,Not Rated,Mystery,8.9,519,Canada,Digital Anvil,4.38
Blade Runner,1997,Teen,Thriller,8.9,1000,United States,Westwood Studios Inc.,4.37
Kirby's Extra Epic Yarn,2019,Everyone,Adventure,8.8,104,Japan,Good-Feel Co.,4.37
World Cricket Championship 2,2015,Not Rated,Sport,8.8,6,India,Nextwave Multimedia,4.36
Nehrim: At Fate's Edge,2010,Not Rated,Fantasy,8.8,8,Germany,Unknown,4.35
D.I.R.T.: Origin of the Species,2006,Not Rated,Fantasy,8.8,7,United States,Generation Gamers Game,4.34
The Legend of Heroes: Trails of Cold Steel IV,2018,Not Rated,Fantasy,8.8,43,Japan,Nihon Falcom Corporation,4.33
Sekiro: Shadows Die Twice,2019,Mature,Fantasy,8.8,3000,Japan,From Software,4.32
Highway Blossoms,2018,Not Rated,Romance,8.8,19,United States,Studio Coattails,4.31
Gintama ranbu,2018,Not Rated,Unknown,8.8,13,Japan,Unknown,4.28
Hollow Knight,2017,Everyone10+,Fantasy,8.8,2000,Australia,Team Cherry,4.27
Horizon Zero Dawn: The Frozen Wilds,2017,Teen,Mystery,8.8,1000,Netherlands,Guerrilla Games,4.24
Divinity: Original Sin II,2017,Mature,Fantasy,8.8,749,Belgium,Larian Studios,4.24
Umineko When They Cry,2007,Not Rated,Mystery,8.8,92,Japan,07th Expansion,4.23
Zombies Chronicles,2017,Not Rated,Action,8.8,166,United States,Treyarch Invention,4.22
The Walking Dead: The Final Season,2018,Mature,Sci-Fi,8.8,2000,United States,Telltale Games,4.22
Shining the Holy Ark,1996,Adults Only,Action,8.8,7,Japan,Sonic! Software Planning,4.21
Enderal: The Shards of Order,2016,Not Rated,Fantasy,8.8,261,Germany,Unknown,4.21
Death Stranding,2019,Mature,Drama,8.8,8000,Japan,Kojima Productions,4.21
Valkyria Chronicles 3: Unrecorded Chronicles,2011,Not Rated,Drama,8.8,33,Japan,Unknown,4.2
Toaru majutsu to kagaku no pazudekkusu,2014,Not Rated,Action,8.8,5,Japan,Heroz,4.2
Lost Within,2015,Not Rated,Horror,8.8,6,United States,Amazon Game Studios,4.19
The Legend of Zelda: Twilight Princess HD,2016,Teen,Fantasy,8.8,577,Australia,Nintendo Entertainment Planning & Development (EPD),4.18
Psychonauts 2,2021,Teen,Comedy,8.8,601,United States,Double Fine Productions Inc.,4.17
Undertale,2015,Everyone10+,Drama,8.8,3000,United States,tobyfox,4.17
NieR: Automata,2017,Mature,Drama,8.8,2000,Japan,Platinum Games,4.16
Inside,2016,Mature,Mystery,8.8,3000,Denmark,Playdead Studios,4.16
Team Umizoomi,2011,Not Rated,Unknown,8.8,5,United States,Unknown,4.14
Fire Emblem: Awakening,2012,Teen,Fantasy,8.8,931,Japan,Intelligent Systems,4.14
NCAA Football 14,2013,Not Rated,Sport,8.8,87,United States,EA Sports,4.12
Zeruda no densetsu: Kamigami no toraifôsu 2,2013,Everyone,Fantasy,8.8,1000,Japan,Nintendo Entertainment Analysis and Development (EAD) (I),4.12
Until Dawn,2015,Mature,Thriller,8.8,14000,United Kingdom,Sony Computer Entertainment America,4.11
Kyokugen dasshutsu: adobencha zennin shibo desu,2012,Mature,Sci-Fi,8.8,245,Japan,Spike Chunsoft,4.1
Metal Gear Solid V: The Phantom Pain,2015,Mature,Drama,8.8,7000,Japan,Kojima Productions,4.09
Star Rider,1984,Not Rated,Sport,8.8,8,United States,Computer Creations,4.09
Gyakuten kenji 2,2011,Not Rated,Mystery,8.8,91,Japan,Capcom Company,4.09
A-Cinema,2022,Not Rated,Short,8.8,9,Italy,RedMagicBlue,4.07
Wiedzmin 2: Zabójcy królów,2011,Mature,Drama,8.8,5000,Poland,CD Projekt RED,4.06
BeamNG.drive,2013,Not Rated,Sport,8.8,11,Germany,BeamNG,4.06
Tomb Raider,2013,Mature,Fantasy,8.8,18000,United States,Crystal Dynamics,4.06
Kingdom Hearts: Final Mix,2002,Not Rated,Adventure,8.8,12,Japan,Square Enix Company,4.05
The Apocalypse,2022,Not Rated,Horror,8.8,5,United Kingdom,Unknown,4.05
Bad Ben,2021,Not Rated,Horror,8.8,6,United States,Unknown,4.05
Yuppie Psycho,2019,Mature,Horror,8.8,5,France,Baroque Decay Games,4.05
Dead Space 2,2011,Mature,Sci-Fi,8.8,6000,United States,Visceral Games,4.03
Shining Force III,1997,Not Rated,Fantasy,8.8,5,Japan,Camelot Software Planning,4.01
Debiru samunâ: Kuzunoha Raidou tai Abadon'ou,2008,Mature,Fantasy,8.8,51,Japan,Atlus,4
Poketto monsutâ Sourushirubâ,2009,Everyone,Family,8.8,832,Japan,Creatures,3.99
Poketto monsutâ Hâtogôrudo,2009,Everyone,Family,8.8,868,Japan,Creatures,3.98
Heavy Rain,2010,Mature,Mystery,8.8,13000,France,Quantic Dream,3.97
Mortal Kombat 11: Ultimate,2020,Mature,Fantasy,8.8,66,United States,NetherRealm Studios,3.95
Metroid Dread,2021,Teen,Mystery,8.8,450,Japan,MercurySteam,3.95
Marvel's Guardians of the Galaxy,2021,Teen,Comedy,8.8,3000,Canada,Eidos Montreal,3.94
Ultrakill,2020,Mature,Fantasy,8.8,40,United States,Arsi Hakita Patala,3.92
Heroes of Might and Magic III: The Shadow of Death,2000,Not Rated,Fantasy,8.8,596,United States,New World Computing,3.92
Heroes of Might and Magic III: Armageddon's Blade,1999,Not Rated,Fantasy,8.8,590,United States,New World Computing,3.92
Call of Duty: Modern Warfare 2,2009,Mature,Thriller,8.8,23000,United States,Activision Blizzard,3.91
Final Fantasy XIV: Endwalker,2021,Teen,Fantasy,8.8,106,Japan,Square Enix Company,3.91
Kingudamu hâtsu: Bâsu bai surîpu,2010,Everyone10+,Family,8.8,1000,Japan,Disney Interactive Japan,3.91
Kimi ga Shine: Tasuketsu Death Game,2017,Not Rated,Mystery,8.8,31,Japan,Nankidai,3.9
Toca Life: World,2021,Mature,Animation,8.8,284,United States,Macpherson Pictures,3.9
Degrees of Lewdity,2020,Not Rated,Unknown,8.8,24,Unknown,Unknown,3.87
Dead Space,2008,Mature,Mystery,8.8,9000,United States,Electronic Arts (EA) Redwood Shores,3.87
Monkey Island 2: LeChuck's Revenge - Special Edition,2010,Not Rated,Fantasy,8.8,48,United States,LucasArts Entertainment Company,3.87
Densetsu no sutafî: Taiketsu! Daîru kaizokudan,2008,Everyone,Fantasy,8.8,20,Japan,Tose,3.85
The Lighthouse Map,2020,Not Rated,Thriller,8.8,9,Saudi Arabia,FarCry Arab,3.85
Stray,2022,Everyone10+,Sci-Fi,8.8,722,France,BlueTwelve Studio,3.84
World of Warcraft: Wrath of the Lich King,2008,Teen,Fantasy,8.8,2000,United States,Blizzard Entertainment,3.83
Quern - Undying Thoughts,2016,Not Rated,Adventure,8.8,5,Hungary,Zadbox Entertainment,3.83
Kimetsu no Yaiba: Hinokami Keppuutan,2021,Teen,Fantasy,8.8,795,Japan,Aniplex,3.83
Kamaitachi no yoru,1994,Not Rated,Adventure,8.8,11,Japan,Chun Soft,3.79
Raburaibu! Sukûru aidoru festibaru: Ôru sutâzu,2019,Not Rated,Music,8.8,15,Japan,Bushiroad,3.77
Medieval II: Total War,2006,Not Rated,War,8.8,1000,United States,Creative Assembly,3.77
Albedo,2019,Not Rated,Horror,8.8,12,Spain,Apestudio,3.76
Inazuma Irebun GO: Dark,2011,Not Rated,Sport,8.8,6,Japan,Level-5,3.76
Inazuma Irebun GO: Shine,2011,Not Rated,Sport,8.8,10,Japan,Level-5,3.74
Inazuma Irebun 2: Kyoui no Shinryakusha: Blizzard,2009,Not Rated,Sport,8.8,14,Japan,Level-5,3.73
StarCraft II: Wings of Liberty,2010,Teen,Sci-Fi,8.8,3000,United States,Blizzard Entertainment,3.72
The Godfather: The Don's Edition,2007,Not Rated,Drama,8.8,311,United States,Electronic Arts (EA),3.72
ArmA 3: Apex,2016,Not Rated,Action,8.8,14,United States,Bohemia Interactive Studio,3.72
Okami,2006,Teen,Fantasy,8.8,1000,Japan,Clover Studio Company,3.72
Half-Life 2: Episode One,2006,Mature,Sci-Fi,8.8,5000,United States,Valve,3.71
Halo 3,2007,Mature,Sci-Fi,8.8,12000,United States,Bungie Software,3.7
Star Wars: Battlefront II,2005,Teen,Sci-Fi,8.8,6000,United States,LucasArts Entertainment Company,3.7
Growlanser III: The Dual Darkness,2001,Not Rated,Drama,8.8,33,Japan,Career Soft,3.67
Growlanser II: The Sense of Justice,2001,Teen,Drama,8.8,40,Japan,Career Soft,3.67
Doragon kuesuto VIII: Sora no daichi to norowareshi himegimi,2004,Teen,Drama,8.8,711,Japan,Armor Project,3.66
Ratchet & Clank: Up Your Arsenal,2004,Teen,Comedy,8.8,1000,United States,Insomniac Games,3.65
Hitman: Blood Money,2006,Mature,Mystery,8.8,5000,Denmark,Eidos Interactive,3.65
Master of Magic,1994,Not Rated,Unknown,8.8,52,United States,MicroProse Software Inc.,3.65
Age of Empires II: The Age of Kings,1999,Teen,History,8.8,3000,United States,Ensemble Studios,3.64
Sly 2: Band of Thieves,2004,Everyone,Comedy,8.8,1000,United States,Sucker Punch Productions,3.63
Sanitarium,1998,Teen,Horror,8.8,446,United States,DreamForge Intertainment Inc.,3.63
Eternal Arcadia,2000,Teen,Fantasy,8.8,258,Japan,Overworks,3.62
The Elder Scrolls III: Morrowind,2002,Teen,Fantasy,8.8,3000,United States,Bethesda Game Studios,3.62
Poketto monsutâ kin,1999,Everyone,Fantasy,8.8,1000,Japan,Creatures,3.62
Halo: Combat Evolved,2001,Mature,Mystery,8.8,11000,United States,Gearbox Software,3.61
Thief: The Dark Project,1998,Mature,Fantasy,8.8,679,United States,Looking Glass Studios,3.61
Civilization,1991,Not Rated,History,8.8,703,United States,MicroProse Software Inc.,3.61
Conker's Bad Fur Day,2001,Mature,Comedy,8.8,1000,United Kingdom,Nintendo,3.61
Undying,2001,Mature,Mystery,8.8,922,United States,DreamWorks Interactive,3.6
The Operative: No One Lives Forever,2000,Teen,Comedy,8.8,629,United States,Monolith Productions,3.59
Snatcher CD-ROMantic,1992,Not Rated,Sci-Fi,8.8,154,Japan,Konami,3.59
Fainaru fantajî IX,2000,Teen,Fantasy,8.8,4000,Japan,Square Company,3.58
Thief II: The Metal Age,2000,Mature,Fantasy,8.8,495,United States,Looking Glass Studios,3.58
Poketto monsutâ gin,1999,Everyone,Fantasy,8.8,1000,Japan,Creatures,3.56
Quest for Glory IV: Shadows of Darkness,1994,Not Rated,Fantasy,8.8,200,Canada,Sierra Entertainment,3.56
Sam and Max Hit the Road,1993,Teen,Mystery,8.8,1000,United States,LucasArts Entertainment Company,3.56
Crash Bandicoot: Warped,1998,Everyone,Comedy,8.8,2000,United States,Naughty Dog,3.54
Freespace,1998,Not Rated,Sci-Fi,8.8,131,United States,Unknown,3.54
The Last Express,1997,Teen,Mystery,8.8,253,United States,Outpost Studios,3.54
Wing Commander IV: The Price of Freedom,1995,Not Rated,Sci-Fi,8.8,774,United States,Origin Systems,3.53
Wing Commander III: Heart of the Tiger,1994,Teen,Sci-Fi,8.8,792,United States,Origin Systems,3.53
Steins;Gate Elite,2018,Not Rated,Romance,8.7,114,Japan,5pb.,3.52
Avo,2019,Not Rated,Adventure,8.7,15,United Kingdom,Playdeo,3.52
Oddmar,2018,Not Rated,Adventure,8.7,17,United States,Senri,3.52
Ryuu ga gotoku: Kiwami 2,2017,Mature,Drama,8.7,615,Japan,Ryu Ga Gotoku Studio,3.51
XCOM 2: War of the Chosen,2017,Not Rated,Thriller,8.7,303,United States,Firaxis Games Inc.,3.51
Emerald City Confidential,2009,Not Rated,Unknown,8.7,83,United States,Wadjet Eye,3.5
Sûpâ robotto taisen V,2017,Not Rated,Sci-Fi,8.7,7,Japan,B.B. Studio,3.5
Shin Megami Tensei V,2021,Mature,Fantasy,8.7,81,Japan,Atlus,3.5
Mario Kart 8 Deluxe,2017,Everyone,Sport,8.7,2000,Japan,Nintendo Entertainment Planning & Development (EPD),3.5
Off,2008,Not Rated,Mystery,8.7,25,Belgium,Unknown,3.49
Juusan kihei boueiken,2019,Teen,Drama,8.7,140,Japan,Vanilla Ware,3.49
Hill Street Blues,1991,Not Rated,Crime,8.7,19,United Kingdom,Krisalis Software,3.49
Steins;Gate,2009,Mature,Romance,8.7,348,Japan,5pb.,3.48
Deus Ex: Human Revolution - Director's Cut,2013,Not Rated,Drama,8.7,160,Canada,Eidos Montreal,3.47
Resident Evil HD Remaster,2015,Mature,Mystery,8.7,1000,Japan,Capcom Company,3.46
Downfall,2016,Mature,Mystery,8.7,69,United Kingdom,Harvester Games,3.46
StarCraft II: Legacy of the Void,2015,Not Rated,Sci-Fi,8.7,943,United States,Blizzard Entertainment,3.45
Hellblade: Senua's Sacrifice,2017,Mature,Drama,8.7,3000,United Kingdom,Ninja Theory,3.44
Ori and the Blind Forest,2015,Everyone,Fantasy,8.7,2000,Austria,Moon Studios,3.44
What Remains of Edith Finch,2017,Teen,Mystery,8.7,3000,United States,Giant Sparrow,3.44
BioShock Infinite: Burial at Sea - Episode One,2013,Mature,Mystery,8.7,2000,United States,Irrational Games,3.44
Grim Fandango: Remastered,2015,Teen,Crime,8.7,991,United States,Disney Interactive,3.44
Alien: Isolation,2014,Mature,Thriller,8.7,5000,United Kingdom,Creative Assembly,3.43
The Walking Dead: The Game - Season 2,2013,Mature,Thriller,8.7,7000,United States,Telltale Games,3.42
Gyakuten saiban 3,2004,Teen,Drama,8.7,292,Japan,Capcom Company,3.42
Assassin's Creed IV: Black Flag,2013,Mature,History,8.7,17000,Canada,Ubisoft Annecy,3.41
Borderlands 2,2012,Mature,Comedy,8.7,6000,United States,Gearbox Software,3.41
StarCraft II: Heart of the Swarm,2013,Not Rated,Sci-Fi,8.7,1000,United States,Blizzard Entertainment,3.4
Overclocked - Eine Geschichte über Gewalt,2007,Not Rated,Thriller,8.7,73,Germany,House of Tales,3.4
Super Mario Advance 4: Super Mario Bros. 3,2003,Everyone,Family,8.7,15,Japan,Nintendo R&D2,3.4
BUZZ! Junior: Jungle Party,2006,Not Rated,Family,8.7,23,United Kingdom,Magenta Software,3.39
L.A. Noire,2011,Mature,Drama,8.7,15000,Australia,Team Bondi,3.38
Twisted-Wonderland,2020,Not Rated,Fantasy,8.7,6,Japan,Aniplex,3.37
Assassin's Creed: Brotherhood,2010,Mature,History,8.7,15000,Canada,Ubisoft Annecy,3.37
Project Zomboid,2013,Mature,Horror,8.7,23,Canada,The Indie Stone,3.36
Outer Wilds: Echoes of the Eye,2021,Not Rated,Sci-Fi,8.7,52,United States,Mobius Digital,3.36
MVP Baseball 2005,2005,Not Rated,Sport,8.7,53,United States,EA Sports,3.35
Enderal: Forgotten Stories,2019,Not Rated,Fantasy,8.7,13,Germany,SureAI,3.34
Metal Gear Solid V: The Definitive Experience,2016,Mature,Drama,8.7,37,Japan,Kojima Productions,3.33
Mass Effect 3: Leviathan,2012,Mature,Sci-Fi,8.7,72,Canada,Bioware,3.33
Demon's Souls,2009,Mature,Fantasy,8.7,1000,Japan,From Software,3.33
Devil May Cry 3: Special Edition,2006,Mature,Fantasy,8.7,34,Japan,Capcom Company,3.33
Beyblade G-Revolution,2004,Everyone,Action,8.7,6,Unknown,Unknown,3.32
Pavlov VR,2017,Not Rated,Action,8.7,10,United States,Unknown,3.31
Forza Horizon 5,2021,Everyone,Crime,8.7,797,United Kingdom,Playground Games,3.31
Lost Judgment,2021,Mature,Crime,8.7,207,Japan,Ryu Ga Gotoku Studio,3.31
Wandersong,2018,Everyone10+,Musical,8.7,15,United States,Greg Lobanov,3.31
The Binding of Isaac: Repentance,2021,Mature,Fantasy,8.7,73,United States,Nicalis,3.3
Cruelty Squad,2021,Not Rated,Crime,8.7,22,Finland,Consumer Softproducts,3.28
Meitantei Conan: Tsuioku no Mirajiyu,2007,Not Rated,Mystery,8.7,14,Japan,Marvelous Entertainment,3.28
Reiton kyôju to saigo no jikan ryokô,2008,Everyone10+,Fantasy,8.7,237,Japan,Level-5,3.28
Super Mario 3D World + Bowser's Fury,2021,Everyone,Fantasy,8.7,518,United States,Nintendo Entertainment Planning & Development (EPD),3.27
Smugglers of Cygnus: Cygnus Pizza Race,2020,Not Rated,Action,8.7,11,United States,Longplay Games,3.26
Gears of War 2,2008,Mature,War,8.7,5000,United States,Epic Games,3.26
Little Nightmares II,2021,Teen,Horror,8.7,1000,Sweden,Tarsier Studios,3.26
She Will Punish Them,2020,Not Rated,Fantasy,8.7,34,China,L2 Game Studios,3.26
History Adventures: Revolutions & Industrialization,2020,Not Rated,History,8.7,31,Qatar,Spencer Striker Digital Media,3.25
Demon's Souls,2020,Mature,Fantasy,8.7,862,Japan,Bluepoint Games,3.24
Resident Evil Village,2021,Mature,Drama,8.7,4000,Japan,Capcom Company,3.24
Super Dragon Ball Heroes: World Mission,2019,Teen,Unknown,8.7,12,Unknown,Unknown,3.23
Ponkotsu roman daikatsugeki Banpi Torotto,2005,Teen,Drama,8.7,81,Japan,Irem,3.21
Tony Hawk's Pro Skater 1 + 2,2020,Teen,Sport,8.7,348,United States,Vicarious Visions,3.2
Dragon Ball Z: Sparking! Meteor,2007,Teen,Comedy,8.7,850,United States,Bandai Visual Company,3.2
Lego Star Wars: The Complete Saga,2007,Everyone10+,Comedy,8.7,4000,United Kingdom,LEGO,3.2
Candle,2016,Not Rated,Adventure,8.7,6,Spain,Teku Studios,3.19
Demons Vs Fairyland,2016,Not Rated,Adventure,8.7,7,Unknown,Unknown,3.18
Pixel Ripped 1995,2020,Everyone10+,Adventure,8.7,22,Brazil,Arvore Immersive Experiences,3.18
Ryu ga gotoku 7: Hikari to yami no yukue,2020,Mature,Crime,8.7,504,Japan,Ryu Ga Gotoku Studio,3.18
Xenoblade Chronicles: Definitive Edition,2020,Teen,Fantasy,8.7,195,Unknown,Monolith Soft,3.18
Outer Wilds,2019,Not Rated,Sci-Fi,8.7,469,United States,Mobius Digital,3.17
El Chavo Kart,2014,Everyone10+,Comedy,8.7,18,Unknown,Televisa Home Entertainment,3.17
Blush Blush,2019,Not Rated,Romance,8.7,7,Canada,Sad Panda Studios,3.16
Paraworld,2006,Not Rated,Fantasy,8.7,41,Germany,Sunflowers,3.15
Dairantô Sumasshu Burazâzu ekkusu,2008,Teen,Fantasy,8.7,4000,Japan,Sora,3.14
Football Manager 2007,2006,Not Rated,Sport,8.7,275,United Kingdom,Sega,3.14
Ultima V: Lazarus,2005,Not Rated,Fantasy,8.7,49,United States,Team Lazarus,3.14
Original War,2001,Teen,War,8.7,21,Czech Republic,Altar Interactive,3.13
Minna daisuki katamari damashii,2005,Everyone,Fantasy,8.7,176,Japan,Namco,3.13
Darwinia,2005,Not Rated,Adventure,8.7,38,United Kingdom,Introversion Software Limited,3.12
Poketto Monsutâ Emerarudo,2004,Everyone,Fantasy,8.7,1000,Japan,Unknown,3.12
Homeworld,1999,Everyone10+,Drama,8.7,297,Canada,Relic Entertainment,3.12
StarLancer,2000,Not Rated,Sci-Fi,8.7,56,United States,Digital Anvil,3.12
Pajama Sam: No Need to Hide When It's Dark Outside,1996,Not Rated,Family,8.7,182,United States,Humongous Entertainment,3.12
Need for Speed: Most Wanted,2005,Teen,Sport,8.7,6000,Canada,Electronic Arts (EA),3.12
Super Solvers: Gizmos & Gadgets!,1993,Not Rated,Family,8.7,10,United States,The Learning Company,3.11
TimeSplitters: Future Perfect,2005,Mature,Sci-Fi,8.7,809,United Kingdom,Free Radical Design,3.1
Star Control II,1992,Not Rated,Sci-Fi,8.7,104,United States,Toys For Bob,3.1
Shadow Hearts II,2004,Teen,Fantasy,8.7,179,Japan,Nautilus,3.1
Poketto monsutâ faiareddo,2004,Everyone,Fantasy,8.7,1000,Japan,Creatures,3.09
The Lord of the Rings: The Battle for Middle-Earth,2004,Not Rated,Fantasy,8.7,1000,United States,Electronic Arts (EA),3.08
Ico,2001,Teen,Fantasy,8.7,1000,Japan,Sony Computer Entertainment,3.08
Anvil of Dawn,1995,Not Rated,Fantasy,8.7,12,United States,New World Computing,3.07
Psychonauts,2005,Teen,Comedy,8.7,1000,United States,Double Fine Productions Inc.,3.07
Azel: Panzer Dragoon RPG,1998,Not Rated,Adventure,8.7,142,Japan,Team Andromeda,3.07
Zero: Akai chou,2003,Mature,Mystery,8.7,601,Japan,Tecmo,3.05
Rome: Total War,2004,Teen,History,8.7,1000,United Kingdom,Creative Assembly,3.05
Halo 2,2004,Mature,Sci-Fi,8.7,9000,United States,Bungie Software,3.05
Silent Hill 3,2003,Mature,Mystery,8.7,3000,Japan,Konami Computer Entertainment,3.04
Septerra Core: Legacy of the Creator,1999,Not Rated,Sci-Fi,8.7,71,United States,Unknown,3.04
Majestic,2001,Not Rated,Thriller,8.7,19,United States,Anim-X,3.03
The Journeyman Project 3: Legacy of Time,1998,Adults Only,Sci-Fi,8.7,91,United States,Presto Studios,3.03
Freespace 2,1999,Not Rated,Sci-Fi,8.7,258,United States,Interplay Entertainment,3.02
Poketto Monsutaa Kurisutaru,2000,Everyone,Fantasy,8.7,977,Japan,Creatures,3.02
Grand Theft Auto III,2001,Mature,Drama,8.7,16000,United Kingdom,Rockstar North,3.02
Super Mario RPG: Legend of the Seven Stars,1996,Everyone,Fantasy,8.7,1000,Japan,Nintendo,3.02
Perfect Dark,2000,Not Rated,Sci-Fi,8.7,1000,United Kingdom,Rare,3.01
Astron Belt,1983,Not Rated,Sci-Fi,8.7,10,Japan,Sega Enterprises,3.01
Alice,2000,Mature,Fantasy,8.7,1000,United States,Electronic Arts (EA),3.01
Strike Commander,1993,Not Rated,Action,8.7,49,United States,Origin Systems,3
Mario Kart 64,1996,Adults Only,Fantasy,8.7,3000,Japan,Nintendo Entertainment Analysis and Development (EAD) (I),3
Ultima VII: The Black Gate,1992,Not Rated,Fantasy,8.7,122,United States,Origin Systems,3
Poketto monsutâ Pikachû,1998,Everyone,Fantasy,8.7,1000,Japan,Creatures,2.99
Poketto monsutâ ao,1996,Everyone,Family,8.7,1000,Japan,Creatures,2.99
Fainaru fantajî VIII,1999,Teen,Fantasy,8.7,5000,Japan,Square Company,2.99
The Hyrule fantasy: Zeruda no densetsu,1986,Everyone,Fantasy,8.7,2000,Japan,Nintendo Entertainment Analysis and Development (EAD) (I),2.99
Lands of Lore: The Throne of Chaos,1994,Not Rated,Fantasy,8.7,125,United States,Westwood Studios Inc.,2.97
Riven: The Sequel to Myst,1997,Everyone,Mystery,8.7,502,United States,Cyan Inc.,2.97
Toonstruck,1996,Teen,Comedy,8.7,347,United Kingdom,Burst,2.96
Cinderella Phenomenon,2017,Not Rated,Romance,8.6,9,United Kingdom,Unknown,2.96
Return of the Obra Dinn,2018,Mature,Mystery,8.6,314,United States,3909,2.96
True Fear: Forsaken Souls Part 2,2018,Not Rated,Mystery,8.6,17,United States,Goblinz,2.95
The Elder Scrolls V: Skyrim Mod - Wyrmstooth,2011,Mature,Fantasy,8.6,15,Australia,Unknown,2.94
Hagane no Renkinjutsushi: Fullmetal Alchemist - Yakusoku no Hi e,2010,Not Rated,Adventure,8.6,7,Japan,Crafts & Meister,2.94
Steins;Gate: Senkei Kousoku no Phenogram,2013,Mature,Sci-Fi,8.6,45,Japan,5pb.,2.94
Forza Horizon 4,2018,Everyone,Crime,8.6,1000,United Kingdom,Playground Games,2.94
Doom Eternal,2020,Mature,Fantasy,8.6,2000,United States,id Software,2.94
Shenmue I & II,2018,Teen,Crime,8.6,137,Unknown,D3t,2.93
Spyro Reignited Trilogy,2018,Everyone10+,Adventure,8.6,1000,United States,Squeeze Studio Animation,2.93
Celeste,2018,Everyone,Comedy,8.6,1000,United States,Matt Makes Games,2.92
Finding Paradise,2017,Not Rated,Sci-Fi,8.6,182,United States,Freebird Games,2.92
I Expect You To Die,2016,Everyone10+,Action,8.6,38,United States,Schell Games,2.91
Touhou Koumakyou: the Embodiment of Scarlet Devil,2002,Not Rated,Fantasy,8.6,33,Japan,Team Shanghai Alice,2.91
OneShot,2016,Not Rated,Fantasy,8.6,86,Unknown,Future Cat,2.9
The Scooby-Doo Monsters Unleashed Challenge,2004,Not Rated,Family,8.6,10,United States,Warner Bros. Family Entertainment,2.9
Total War: Warhammer II,2017,Teen,Fantasy,8.6,285,United Kingdom,Creative Assembly,2.89
The House in Fata Morgana,2012,Mature,Drama,8.6,63,Japan,Unknown,2.89
Lone Echo,2017,Not Rated,Sci-Fi,8.6,57,United States,Oculus VR,2.89
The Unholy War,1998,Not Rated,Sci-Fi,8.6,9,United States,Crystal Dynamics,2.89
Rajianto hisutoria,2010,Not Rated,Sci-Fi,8.6,10,Japan,Unknown,2.89
Battle Realms,2001,Not Rated,Fantasy,8.6,24,United States,Liquid Entertainment,2.88
Sword Art Online: Infinity Moment,2013,Not Rated,Fantasy,8.6,21,Japan,Aquiria,2.87
The Adventures of Batman & Robin,1995,Adults Only,Crime,8.6,15,United States,Clockwork Tortoise,2.87
Forza Horizon 3,2016,Everyone,Crime,8.6,848,United Kingdom,Playground Games,2.86
Dai Gyakuten Saiban: Naruhodou Ryuunosuke no Bouken,2015,Not Rated,Mystery,8.6,59,Japan,Capcom Company,2.86
The Last Door: Season One,2013,Not Rated,Mystery,8.6,120,Spain,The Game Kitchen,2.86
Steins;Gate 0,2015,Mature,Mystery,8.6,187,Japan,5pb.,2.85
Danganronpa 2: Goodbye Despair,2012,Mature,Thriller,8.6,636,Japan,Spike Chunsoft,2.85
Bandori! Gâruzu bando pâtî,2017,Not Rated,Music,8.6,19,Japan,Craft Egg,2.85
LUNAR: Silver Star Story Complete,1999,Teen,Comedy,8.6,37,United States,Working Designs,2.85
Rune Factory 3: A Fantasy Harvest Moon,2009,Everyone,Unknown,8.6,9,Japan,Neverland Company,2.85
Hatsune Miku: Project Diva F,2012,Teen,Musical,8.6,65,Japan,Dingo (II),2.83
Aliens vs. Pinball,2016,Everyone10+,Sci-Fi,8.6,99,United States,Zen Studios,2.83
Injustice 2,2017,Teen,Fantasy,8.6,3000,United States,DC Entertainment,2.83
The 13th Doll,2018,Not Rated,Thriller,8.6,7,United States,Attic Door Productions,2.82
Asagao Academy: Normal Boots Club,2016,Not Rated,Romance,8.6,43,United States,Illus Seed,2.82
Doragon kuesuto XI: Sugisarishi toki o motomete,2017,Teen,Fantasy,8.6,491,Japan,Armor Project,2.82
Wallace & Gromit Fun Pack,1996,Not Rated,Family,8.6,8,United Kingdom,Inner Workings,2.82
Shardlight,2016,Not Rated,Sci-Fi,8.6,104,United States,Wadjet Eye,2.81
The Last Stand: Union City,2011,Not Rated,Horror,8.6,15,Unknown,Unknown,2.81
Cyber City Oedo 808,1991,Not Rated,Action,8.6,17,Japan,NCS Corporation,2.81
XCOM: Enemy Within,2013,Mature,Thriller,8.6,442,United States,Firaxis Games Inc.,2.8
Dragon Age: Inquisition - Trespasser,2015,Not Rated,Fantasy,8.6,403,United States,Unknown,2.8
Punky Skunk,1998,Not Rated,Unknown,8.6,29,Japan,Ukiyotei,2.8
Final Fantasy XIV: Heavensward,2015,Teen,Fantasy,8.6,174,Japan,Square Enix Company,2.79
GivingTales,2015,Not Rated,Family,8.6,43,Hungary,GivingTales Kft,2.79
X-Men Cartoon Maker,1996,Not Rated,Action,8.6,20,United States,Instinct Corporation,2.79
Cuphead,2017,Everyone,Adventure,8.6,2000,Canada,Studio MDHR,2.79
Fallout 4,2015,Mature,Sci-Fi,8.6,13000,United States,Bethesda Game Studios,2.79
Rack N Ruin,2015,Not Rated,Adventure,8.6,8,United States,LifeSpark Entertainment,2.79
A Golden Wake,2014,Not Rated,Unknown,8.6,84,United States,Wadjet Eye,2.79
NyxQuest: Kindred Spirits,2009,Not Rated,Adventure,8.6,7,Spain,Unknown,2.78
To the Moon,2011,Teen,Mystery,8.6,733,Canada,Freebird Games,2.78
Dragon Age: Inquisition,2014,Mature,Fantasy,8.6,4000,Canada,Bioware,2.78
Resident Evil 7: Biohazard,2017,Mature,Mystery,8.6,7000,Japan,Capcom Company,2.78
Dejimon adobenchâ,2013,Not Rated,Sci-Fi,8.6,30,Japan,Bandai Namco Games,2.78
Mario Kart 8,2014,Everyone,Fantasy,8.6,2000,Japan,Nintendo Entertainment Analysis and Development (EAD) (I),2.78
Star Wars Pinball,2013,Everyone10+,Sci-Fi,8.6,83,United States,Zen Studios,2.77
Black Mesa,2012,Not Rated,Thriller,8.6,689,United States,Black Mesa Modification Team,2.77
Medieval Moves: Deadmund's Quest,2011,Not Rated,Action,8.6,15,United States,San Diego Studios,2.77
Ni no Kuni: Wrath of the White Witch,2011,Everyone10+,Fantasy,8.6,862,Japan,Level-5,2.76
9mm,2011,Mature,Crime,8.6,5,France,Gameloft,2.76
Bayonetta 2,2014,Mature,Fantasy,8.6,609,Japan,Platinum Games,2.75
The Cat Lady,2012,Not Rated,Mystery,8.6,261,United Kingdom,Harvester Games,2.75
Parodiusu Da! Shinwa kara Owaraihe,1990,Not Rated,Family,8.6,49,Japan,Konami Industries,2.73
Otomediusu X,2011,Teen,Fantasy,8.6,55,Japan,Konami Computer Entertainment,2.73
Mystery Case Files: Escape from Ravenhearst,2011,Not Rated,Mystery,8.6,22,United States,Big Fish Games,2.73
Kyokugen dasshutsu: 9-jikan 9-nin 9 no tobira,2009,Mature,Sci-Fi,8.6,265,Japan,Chun Soft,2.72
Gô bakêshon,2011,Everyone,Sport,8.6,28,Japan,Unknown,2.7
Salt and Sacrifice,2022,Not Rated,Action,8.6,5,United States,Ska Studios,2.7
Zero Escape: The Nonary Games,2017,Mature,Horror,8.6,17,Japan,Spike Chunsoft,2.7
People Playground,2019,Not Rated,Comedy,8.6,13,Netherlands,Studio Minus,2.7
Journey,2012,Everyone,Fantasy,8.6,3000,United States,ThatGameCompany,2.7
Saturday Night Fever,2008,Not Rated,Action,8.6,9,Japan,Paramount Pictures Digital Entertainment,2.7
Marvel Pinball,2010,Not Rated,Action,8.6,89,United States,Resnick Interactive Development,2.69
Halo: Reach,2010,Mature,Sci-Fi,8.6,6000,United States,Bungie Software,2.69
RimWorld,2013,Mature,Sci-Fi,8.6,18,Canada,Unknown,2.69
Batman - The Telltale Series Shadow Mode,2016,Not Rated,Unknown,8.6,7,Unknown,Unknown,2.68
Ghostbusters: Afterlife ScARe,2021,Not Rated,Sci-Fi,8.6,68,United States,Ghostcorps,2.68
Kid A Mnesia Exhibition,2021,Not Rated,Music,8.6,32,United Kingdom,Unknown,2.67
Kero Blaster,2014,Everyone,Fantasy,8.6,5,Japan,Studio Pixel,2.67
Ultra Custom Night,2020,Not Rated,Horror,8.6,17,Poland,Unknown,2.67
Before Your Eyes,2021,Not Rated,Drama,8.6,66,United States,GoodbyeWorld Games,2.67
Wizard101,2008,Everyone10+,Fantasy,8.6,126,United States,KingsIsle Entertainment,2.67
Afraid of Monsters,2005,Not Rated,Horror,8.6,5,Sweden,Team Psykskallar,2.66
Age of Empires III: Definitive Edition,2020,Not Rated,War,8.6,15,United States,Forgotten Empires,2.66
Devil May Cry 5: Special Edition,2020,Mature,Fantasy,8.6,50,Japan,Capcom Company,2.66
Ready or Not,2021,Not Rated,Thriller,8.6,14,New Zealand,VOID Interactive,2.65
Shin Megami Tensei: Strange Journey,2009,Mature,Fantasy,8.6,64,Japan,Atlus,2.65
Hylics,2015,Not Rated,Fantasy,8.6,14,United States,Unknown,2.65
Summertime Saga,2019,Mature,Romance,8.6,27,France,Kompas Productions,2.65
Teardown,2020,Not Rated,Crime,8.6,29,Sweden,Tuxedo Labs,2.65
Disgaea 3: Absence of Justice,2008,Teen,Comedy,8.6,51,Japan,Nippon Ichi Software,2.65
Grand Theft Auto IV: The Ballad of Gay Tony,2009,Mature,Drama,8.6,4000,United Kingdom,Rockstar North,2.63
South of the Circle,2020,Not Rated,Drama,8.6,14,United Kingdom,Unknown,2.63
Max Payne 3,2012,Mature,Drama,8.6,10000,Canada,Rockstar Vancouver,2.63
Evil Dead: The Game,2022,Mature,Horror,8.6,216,United States,Saber Interactive,2.63
Dofus,2004,Not Rated,Adventure,8.6,13,France,Ankama,2.62
Murder House,2020,Mature,Horror,8.6,38,United States,Puppet Combo,2.62
Rûn fakutorî furontia,2008,Not Rated,Unknown,8.6,19,Japan,Neverland Company,2.62
Arknights,2020,Not Rated,Fantasy,8.6,24,United States,Hypergryph,2.62
Deus Ex: Human Revolution,2011,Mature,Drama,8.6,5000,Canada,Eidos Interactive,2.61
The Secret of Monkey Island: Special Edition,2009,Everyone10+,Fantasy,8.6,73,United States,LucasArts Entertainment Company,2.6
BTS Universe Story,2020,Not Rated,Unknown,8.6,13,South Korea,HYBE,2.6
The Yakuza Remastered Collection,2019,Not Rated,Drama,8.6,38,Japan,Ryu Ga Gotoku Studio,2.59
Quest for Glory II: Trial by Fire,2008,Not Rated,Adventure,8.6,29,Australia,AGD Interactive LLC,2.59
Tokyo Dark,2017,Mature,Mystery,8.6,5,Japan,Cherrymochi,2.59
Ryû ga gotoku 2,2006,Mature,Drama,8.6,225,Japan,Ryu Ga Gotoku Studio,2.58
Culdcept Saga,2006,Teen,Drama,8.6,9,Japan,Jamsworks Co.,2.58
Faith,2017,Not Rated,Horror,8.6,7,United States,Airdorf Games,2.58
NieR Replicant: ver.1.22474487139...,2021,Mature,Drama,8.6,364,Japan,Square Enix Company,2.58
NCAA Basketball 10,2009,Not Rated,Sport,8.6,6,Canada,EA Sports,2.58
Company of Heroes: Opposing Fronts,2007,Not Rated,War,8.6,233,Canada,Relic Entertainment,2.57
The Legend of Kyrandia: The Hand of Fate,1993,Not Rated,Fantasy,8.6,61,United States,Westwood Studios Inc.,2.57
Discovery Tour: Ancient Greece,2019,Everyone10+,History,8.6,21,Canada,Ubisoft Montreal,2.57
Five Nights at Candy's Remastered,2019,Not Rated,Horror,8.6,21,United States,Unknown,2.57
Hype: The Time Quest,1999,Everyone,Fantasy,8.6,52,Canada,Playmobil Interactive,2.57
Dijitaru debiru saaga: Abataaru teyuunaa 2,2005,Mature,Fantasy,8.6,81,Japan,Atlus,2.57
Debiru samanaa: Kuzunoha Raidou tai Chôriki Heidan,2006,Mature,Fantasy,8.6,76,Japan,Atlus,2.56
Not for Broadcast,2019,Not Rated,Drama,8.6,67,United Kingdom,Unknown,2.56
Monsutâ hantâ wârudo: Aisubôn,2019,Not Rated,Fantasy,8.6,85,Japan,Unknown,2.56
Mega Man Zero/ZX Legacy Collection,2020,Teen,Sci-Fi,8.6,16,Japan,Capcom Company,2.56
Sky: Children of the Light,2019,Not Rated,Adventure,8.6,77,United States,ThatGameCompany,2.55
AM2R: Return of Samus,2016,Everyone10+,Mystery,8.6,21,Argentina,Unknown,2.54
Persona 3 Portable,2009,Mature,Fantasy,8.6,117,Japan,Atlus,2.53
Digital Combat Simulator World,2008,Not Rated,War,8.6,8,Russia,Eagle Dynamics,2.53
Factorio,2012,Not Rated,Adventure,8.6,98,Czech Republic,Wube Software,2.53
Faces of War,2006,Not Rated,War,8.6,73,Unknown,Best Way,2.52
World in Conflict,2007,Teen,Drama,8.6,424,Sweden,Ubisoft Massive,2.52
Persian Gulf Inferno,1989,Not Rated,Action,8.6,7,United States,Magic Bytes,2.52
Bully,2006,Teen,Drama,8.6,5000,Canada,Rockstar Vancouver,2.52
QI: A Quite Interesting Game,2005,Mature,Game Show,8.6,28,United Kingdom,TalkBack Productions,2.52
"Achtung, die Kurve!",1995,Not Rated,Family,8.6,30,Germany,Microsoft,2.51
The Lord of the Rings: The Battle for Middle-Earth II,2006,Not Rated,Fantasy,8.6,1000,United States,Electronic Arts (EA),2.5
Sly 3: Honor Among Thieves,2005,Everyone10+,Comedy,8.6,995,United States,Sony Computer Entertainment America,2.5
Civilization IV,2005,Everyone10+,History,8.6,1000,United States,2K Games,2.5
Radiata Stories,2005,Teen,Drama,8.6,78,Japan,Tri-Ace Inc.,2.5
Quest for Glory I: So You Want to Be a Hero,1992,Not Rated,Adventure,8.6,100,United States,Sierra Entertainment,2.49
Prince of Persia: Warrior Within,2004,Mature,Fantasy,8.6,3000,Canada,Ubisoft Montreal,2.49
Ace Combat 5: The Unsung War,2004,Teen,Drama,8.6,252,Japan,Namco,2.48
Katamari damashii,2004,Everyone,Fantasy,8.6,352,Japan,Namco,2.48
Nancy Drew: Curse of Blackmoor Manor,2004,Everyone,Mystery,8.6,109,United States,Her Interactive Inc.,2.47
Rockman Zero 3,2004,Everyone,Sci-Fi,8.6,111,Japan,Capcom Company,2.47
Splinter Cell: Chaos Theory,2005,Mature,Thriller,8.6,2000,Canada,Ubisoft Montreal,2.47
ESPN NFL 2K5,2004,Not Rated,Sport,8.6,137,United States,ESPN Videogames,2.47
Tales of Symphonia,2003,Teen,Drama,8.6,705,Japan,Namco Tales Studio Ltd.,2.47
Desperados: Wanted Dead or Alive,2001,Not Rated,Western,8.6,228,Germany,Spellbound I,2.47
The Chronicles of Riddick: Escape from Butcher Bay,2004,Mature,Sci-Fi,8.6,3000,United States,Starbreeze Studios,2.46
Return of the Incredible Machines: Contraptions,2000,Not Rated,Adventure,8.6,6,United States,Sierra Entertainment,2.46
Call of Duty,2003,Teen,War,8.6,6000,United States,Activision,2.45
Dark Earth,1997,Not Rated,Sci-Fi,8.6,46,France,Kalisto Entertainment,2.45
Twisted Metal 2: World Tour,1996,Teen,Fantasy,8.6,550,United States,SingleTrac Entertainment Technologies Inc.,2.44
Dreamfall: The Longest Journey,2006,Mature,Fantasy,8.6,1000,Norway,Funcom,2.43
Betrayal at Krondor,1993,Not Rated,Fantasy,8.6,80,United States,Dynamix,2.43
Frontier: Elite II,1993,Not Rated,Sci-Fi,8.6,47,United Kingdom,Konami,2.43
Atlantis: The Lost Tales,1997,Not Rated,Mystery,8.6,50,France,Cryo Interactive Entertainment,2.43
Snatcher,1988,Teen,Sci-Fi,8.6,242,Japan,Konami,2.42
No One Lives Forever 2: A Spy in H.A.R.M.'s Way,2002,Not Rated,Comedy,8.6,498,United States,Monolith Productions,2.42
Jet Set Radio Future,2002,Teen,Sport,8.6,270,Japan,Smilebit Corporation,2.42
Jak and Daxter: The Precursor Legacy,2001,Everyone10+,Comedy,8.6,1000,United States,Naughty Dog,2.42
Silent Bomber,1999,Teen,Mystery,8.6,21,Japan,Cyber Connect,2.42
Star Wars: Jedi Knight II - Jedi Outcast,2002,Teen,Fantasy,8.6,2000,United States,LucasArts Entertainment Company,2.42
Blue's Treasure Hunt,1999,Everyone,Musical,8.6,20,United States,Humongous Entertainment,2.41
Zeruda no densetsu: Yume o miru shima,1993,Everyone,Fantasy,8.6,1000,Japan,Nintendo Entertainment Analysis and Development (EAD) (I),2.41
Shivers II: Harvest of Souls,1997,Teen,Musical,8.6,41,United States,Sierra Entertainment,2.41
Quest for Glory V: Dragon Fire,1998,Not Rated,Unknown,8.6,81,United States,Sierra Entertainment,2.41
Doom,1993,Mature,Sci-Fi,8.6,4000,United States,David A. Palmer Productions,2.41
Lunar: The Silver Star,1992,Not Rated,Comedy,8.6,180,Japan,Game Arts Co.,2.4
Blade of Darkness,2001,Mature,Fantasy,8.6,125,Spain,Rebel Act Studios,2.4
Crash Team Racing,1999,Everyone,Family,8.6,1000,United States,Naughty Dog,2.4
The Legend of Dragoon,1999,Teen,Fantasy,8.6,535,Japan,Sony Computer Entertainment,2.4
Vagrant Story,2000,Teen,Fantasy,8.6,358,Japan,Square Company,2.39
Command & Conquer: Red Alert 2,2000,Teen,War,8.6,3000,United States,Westwood Studios Inc.,2.39
Dust: A Tale of the Wired West,1995,Not Rated,Fantasy,8.6,51,United States,Cyberflix Inc.,2.39
Donkey Kong Country 2: Diddy's Kong Quest,1995,Adults Only,Adventure,8.6,1000,United Kingdom,Rare,2.39
Donkey Kong Country,1994,Mature,Comedy,8.6,2000,United Kingdom,Rare,2.38
Chrono Cross,1999,Teen,Fantasy,8.6,930,Japan,Square Company,2.38
Privateer,1993,Not Rated,Sci-Fi,8.6,162,United States,Origin Systems,2.38
Ultima VII Part Two: Serpent Isle,1993,Not Rated,Fantasy,8.6,74,United States,Origin Systems,2.38
Fainaru fantajî takutikkusu,1997,Teen,Fantasy,8.6,584,Japan,Square Company,2.38
Discworld Noir,1999,Not Rated,Crime,8.6,257,United Kingdom,Perfect Entertainment,2.37
Resident Evil 3: Nemesis,1999,Mature,Sci-Fi,8.6,4000,Japan,Capcom Company,2.37
Full Throttle,1995,Not Rated,Crime,8.6,1000,United States,LucasArts Entertainment Company,2.37
Dune II: The Building of a Dynasty,1992,Not Rated,War,8.6,394,United States,Westwood Studios Inc.,2.37
Oddworld: Abe's Exoddus,1998,Teen,Sci-Fi,8.6,535,United States,GT Interactive Software,2.37
Under a Killing Moon,1994,Not Rated,Crime,8.6,322,United States,Access Software Inc.,2.37
Star Wars: TIE Fighter,1994,Not Rated,Sci-Fi,8.6,442,United States,LucasArts Entertainment Company,2.37
"Gabriel Knight 3: Blood of the Sacred, Blood of the Damned",1999,Mature,Horror,8.6,530,United States,Unknown,2.37
Beat Saber,2018,Not Rated,Music,8.5,275,Czech Republic,Beat Games,2.36
Marvel Powers United VR,2018,Teen,Action,8.5,12,United States,Sanzaru Games,2.36
King's Bounty: Armored Princess,2009,Not Rated,Fantasy,8.5,47,Russia,Katauri Interactive,2.35
Devil May Cry 5,2019,Mature,Fantasy,8.5,2000,Japan,Capcom Company,2.35
Assassin's Creed: Odyssey,2018,Mature,Fantasy,8.5,6000,Canada,Ubisoft Quebec,2.35
Attack on Titan 2,2018,Mature,Fantasy,8.5,499,Japan,Omega Force,2.34
Remothered (Prototype),2012,Not Rated,Unknown,8.5,18,Italy,Darril Arts,2.34
Invader Zim: In-Sanitation,2001,Not Rated,Sci-Fi,8.5,7,United States,Shockwave,2.34
Batman: Arkham City Armored Edition,2012,Teen,Crime,8.5,57,Unknown,Unknown,2.34
Shadow of the Colossus,2018,Teen,Drama,8.5,2000,Japan,Bluepoint Games,2.34
Beyond Skyrim: Bruma,2017,Not Rated,Fantasy,8.5,33,United States,Unknown,2.33
The Room Tribute,2010,Not Rated,Comedy,8.5,23,Unknown,Newgrounds,2.33
Blackwell Epiphany,2014,Not Rated,Adventure,8.5,140,United States,Wadjet Eye,2.32
Tales of Destiny,2006,Not Rated,Fantasy,8.5,6,Japan,Namco,2.32
Assassin's Creed: Origins,2017,Mature,Fantasy,8.5,7000,Canada,Ubisoft Montreal,2.32
The Shivah,2006,Not Rated,Unknown,8.5,102,United States,Wadjet Eye,2.31
Resonance,2012,Not Rated,Unknown,8.5,88,United States,XII Games,2.31
Re: Zero kara hajimeru isekai seikatsu: Death or Kiss,2017,Not Rated,Fantasy,8.5,65,Japan,Unknown,2.31
Notes on Blindness,2016,Not Rated,Unknown,8.5,8,United Kingdom,ARTE,2.31
Ryuu ga gotoku 6: Inochi no uta,2016,Mature,Drama,8.5,476,Japan,Ryu Ga Gotoku Studio,2.3
Uncharted: The Lost Legacy,2017,Teen,Mystery,8.5,7000,United States,Naughty Dog,2.3
The Last of Us: Part II,2020,Mature,Drama,8.5,30000,United States,Naughty Dog,2.3
Crash Bandicoot N. Sane Trilogy,2017,Everyone10+,Adventure,8.5,1000,United States,Vicarious Visions,2.29
Star Wars Jedi: Fallen Order,2019,Teen,Drama,8.5,11000,United States,Respawn Entertainment,2.29
Stardew Valley,2016,Teen,Fantasy,8.5,1000,United States,ConcernedApe,2.29
Hatsune Miku: Project Diva X,2016,Teen,Musical,8.5,83,Japan,Dingo (II),2.28
Call of Cthulhu: Shadow of the Comet,1993,Not Rated,Mystery,8.5,104,France,Infogrames,2.28
Skyrim: Falskaar,2013,Not Rated,Fantasy,8.5,24,United States,Yatagan,2.28
Command & Conquer: Mental Omega,2016,Teen,Sci-Fi,8.5,12,United States,Unknown,2.28
Flying Tigers: Shadows Over China,2017,Mature,History,8.5,20,Sweden,Ace Maddox,2.28
Fran Bow,2015,Teen,Horror,8.5,272,Sweden,Killmonday Games,2.28
The Elder Scrolls IV: Shivering Isles,2007,Not Rated,Fantasy,8.5,377,United States,Bethesda Game Studios,2.28
Kingdom Hearts HD 2.8 Final Chapter Prologue,2017,Everyone10+,Family,8.5,524,Japan,Disney Interactive Japan,2.28
Street Fighter Anniversary Collection,2004,Teen,Action,8.5,70,Japan,Capcom Company,2.28
Civilization: Call to Power,1999,Not Rated,Sci-Fi,8.5,10,United States,Activision,2.27
Myth II: Soulblighter,1998,Not Rated,Fantasy,8.5,47,United States,Bungie Software,2.27
Katawa Shoujo,2012,Mature,Romance,8.5,104,United States,Four Leaf Studios,2.27
Stronghold: Crusader,2002,Not Rated,War,8.5,325,United Kingdom,Firefly Studios,2.26
The Talos Principle,2014,Not Rated,Mystery,8.5,492,Unknown,Croteam,2.26
Rise of the Tomb Raider,2015,Mature,Fantasy,8.5,9000,United States,Crystal Dynamics,2.26
Primordia,2012,Not Rated,Sci-Fi,8.5,146,United States,Wormwood Studios,2.26
Titanfall 2,2016,Not Rated,Sci-Fi,8.5,3000,United States,Respawn Entertainment,2.25
The Mysterious Cities of Gold: Secret Paths,2013,Not Rated,Adventure,8.5,7,France,Blue Spirit Animation,2.25
Infinity Blade III,2013,Not Rated,Fantasy,8.5,118,United States,Chair Entertainment Group,2.25
Ryuu ga gotoku: Ishin!,2014,Not Rated,History,8.5,31,Japan,Ryu Ga Gotoku Studio,2.25
Soma,2015,Teen,Sci-Fi,8.5,1000,Sweden,Frictional Games,2.25
Call of Duty: Origins,2013,Not Rated,Thriller,8.5,468,United States,Treyarch Invention,2.25
Dragon Ball Z,1993,Not Rated,Sci-Fi,8.5,105,Japan,Banpresto,2.25
Super Mario 3D World,2013,Everyone,Family,8.5,2000,Japan,Nintendo,2.24
Dairantou sumasshu burazâzu for Wii U,2014,Everyone10+,Fantasy,8.5,1000,Japan,Bandai Namco Games,2.24
Pajama Sam 2: Thunder and Lightning Aren't So Frightening,1998,Not Rated,Family,8.5,80,United States,Humongous Entertainment,2.24
Zombie Panic: Source!,2007,Not Rated,Horror,8.5,14,Japan,Unknown,2.24
Fantajî raifu,2012,Everyone10+,Adventure,8.5,29,Japan,Brownie Brown,2.24
Clannad,2004,Teen,Fantasy,8.5,83,Japan,Visual Art's/Key,2.24
Rasuto windou: Mayonaka no yakusoku,2010,Not Rated,Mystery,8.5,28,Japan,Cing,2.24
Age of Empires: The Age of Kings,2006,Not Rated,War,8.5,945,Canada,Backbone Entertainment,2.23
Vampire Survivors,2021,Not Rated,Fantasy,8.5,10,United States,poncle,2.23
EA Sports Nascar 09,2008,Everyone,Sport,8.5,51,United States,Electronic Arts (EA),2.23
Minecraft,2009,Everyone10+,Family,8.5,11000,Sweden,4J studios,2.23
Super Mario Bros. Deluxe,1999,Everyone,Family,8.5,6,Japan,Nintendo Entertainment Planning & Development (EPD),2.23
Civilization V,2010,Everyone10+,History,8.5,1000,United States,Firaxis Games Inc.,2.22
Moss: Book II,2022,Everyone10+,Adventure,8.5,11,United States,Polyarc,2.22
Fobia: St. Dinfna Hotel,2022,Not Rated,Horror,8.5,10,Brazil,Pulsatrix Studios,2.22
Street Fighter: 30th Anniversary Collection,2018,Teen,Action,8.5,28,Japan,Digital Eclipse,2.22
ESHQ,2018,Mature,Sci-Fi,8.5,6,Russia,Unknown,2.21
Sleeping Dogs: Definitive Edition,2014,Not Rated,Drama,8.5,12,United States,United Front Games,2.21
Doom,2016,Mature,Sci-Fi,8.5,5000,United States,id Software,2.2
God of War: Ghost of Sparta,2010,Mature,Fantasy,8.5,2000,United States,Ready at Dawn Studios,2.2
Super Cars II,1991,Not Rated,Action,8.5,8,United Kingdom,Magnetic Fields,2.2
Nier Replicant,2010,Mature,Drama,8.5,338,Japan,Cavia,2.2
S.T.A.L.K.E.R.: Call of Pripyat,2009,Not Rated,Horror,8.5,498,Ukraine,GSC Game World,2.2
Gears of War 3,2011,Mature,War,8.5,4000,United States,Epic Games,2.2
Mystery Case Files: Dire Grove,2009,Not Rated,Mystery,8.5,33,United States,Thinklab,2.2
Inscryption,2021,Not Rated,Horror,8.5,100,Canada,Daniel Mullins Games,2.2
Drakensang - Am Fluss der Zeit,2010,Not Rated,Fantasy,8.5,110,Germany,Radon Labs,2.2
X3: Terran Conflict,2008,Not Rated,Sci-Fi,8.5,22,Germany,Egosoft,2.2
Ultima Underworld: The Stygian Abyss,1992,Not Rated,Fantasy,8.5,36,United States,Blue Sky Productions,2.19
Football Manager 2010,2009,Not Rated,Sport,8.5,144,United Kingdom,Sports Interactive,2.19
Hidden & Dangerous 2,2003,Not Rated,War,8.5,63,Czech Republic,Illusion Softworks,2.19
UnMetal,2021,Mature,Comedy,8.5,11,Spain,Unknown,2.19
Detention,2017,Mature,Mystery,8.5,30,Taiwan,Red Candle Games,2.18
Deadbolt,2016,Teen,Horror,8.5,8,United States,Hopoo Games,2.18
Big Chungus,2018,Mature,Action,8.5,13,United Kingdom,Unknown,2.18
Ratchet & Clank Future: A Crack in Time,2009,Everyone10+,Comedy,8.5,1000,United States,Insomniac Games,2.18
Mystic Messenger,2016,Not Rated,Unknown,8.5,17,Unknown,Unknown,2.17
The Beatles: Rock Band,2009,Teen,Musical,8.5,445,United States,Curious Pictures,2.17
Pro Evolution Soccer,2001,Not Rated,Sport,8.5,14,Japan,Konami,2.17
Supreme Commander: Forged Alliance,2007,Not Rated,Sci-Fi,8.5,85,United States,Gas Powered Games,2.17
There Is No Game: Wrong Dimension,2020,Not Rated,Comedy,8.5,66,France,Unknown,2.17
Outlast Trinity,2017,Mature,Horror,8.5,56,United States,Unknown,2.17
Are You Afraid of the Dark?: The Tale of Orpheo's Curse,1994,Not Rated,Horror,8.5,57,Canada,CINAR,2.16
428: Fûsa sareta Shibuya de,2008,Teen,Thriller,8.5,48,Japan,Chun Soft,2.16
Star Wars: The Old Republic,2011,Teen,Fantasy,8.5,3000,Canada,Bioware,2.16
Killer Bean Unleashed,2012,Everyone10+,Sci-Fi,8.5,24,United States,Killer Bean Studios,2.15
The Henry Stickmin Collection,2020,Everyone10+,Comedy,8.5,315,United States,Innersloth Productions,2.15
Astro's Playroom,2020,Everyone,Comedy,8.5,988,United States,SIE Japan Studio,2.15
Whacked!,2002,Teen,Adventure,8.5,18,United States,Presto Studios,2.14
Hitman 3,2021,Mature,Mystery,8.5,1000,Denmark,IO Interactive,2.14
Spider-Man: Miles Morales,2020,Teen,Fantasy,8.5,5000,United States,Insomniac Games,2.14
Grand Theft Auto Trilogy,2005,Mature,Drama,8.5,105,Unknown,Rockstar North,2.14
Far Cry Compilation,2013,Mature,Action,8.5,7,Unknown,Unknown,2.14
Subarashiki kono sekai,2007,Teen,Comedy,8.5,282,Japan,Jupiter,2.14
SiN: Wages of Sin,1999,Not Rated,Sci-Fi,8.5,7,United States,2015,2.13
Football Manager 2008,2007,Not Rated,Sport,8.5,170,United States,Sports Interactive,2.13
Thirstiest Time of the Year,2018,Not Rated,Horror,8.5,12,United States,Unknown,2.13
Suzumiya Haruhi no yakusoku,2007,Not Rated,Unknown,8.5,21,Japan,Unknown,2.13
Gurôransâ V: Generations,2006,Teen,Drama,8.5,31,Japan,Career Soft,2.13
Just Shapes and Beats,2018,Everyone10+,Comedy,8.5,38,Canada,Berzerk Studio,2.12
Shall We Date?: Obey Me!,2019,Not Rated,Romance,8.5,44,Japan,Unknown,2.12
Mafia II,2010,Mature,Drama,8.5,10000,Czech Republic,D3t,2.11
Andâ naito inbâsu: Ekusereito Kure,2020,Not Rated,Fantasy,8.5,8,Japan,Ecole Software,2.11
Zombie Society - Dead Detective vs Nine Deaths Cat,2017,Not Rated,Mystery,8.5,6,Italy,Armor Games,2.11
Zombie Society - Dead Detective,2017,Not Rated,Mystery,8.5,6,Italy,Armor Games,2.11
Zombie Society Dead Detective - Walls Can Bleed,2017,Not Rated,Mystery,8.5,6,Italy,Armor Games,2.11
Zombie Society: Dead Detective - Brain Drain,2017,Not Rated,Mystery,8.5,6,Italy,Armor Games,2.11
Zombie Society Dead Detective - Roving Eyes,2018,Not Rated,Mystery,8.5,6,Italy,Armor Games,2.11
Wiedzmin,2007,Mature,Drama,8.5,4000,Poland,CD Projekt RED,2.11
Knights of Honor,2004,Not Rated,Unknown,8.5,35,Bulgaria,Black Sea Films,2.11
Shin megami tensei III: Nocturne,2003,Mature,Fantasy,8.5,175,Japan,Atlus,2.1
Final fantasy tactics: Fainaru fantaji takuteikkusu - Shishi sensô,2007,Teen,Sci-Fi,8.5,188,Japan,Square Enix Company,2.1
Slaves to Armok: God of Blood Chapter II: Dwarf Fortress,2006,Not Rated,Fantasy,8.5,15,United States,Bay 12 Games,2.1
Laura's Happy Adventures,1998,Everyone,Romance,8.5,14,Canada,Playmobil Interactive,2.1
Grand Poo World 2,2019,Not Rated,Adventure,8.5,8,United States,Unknown,2.1
The King's Gold,2019,Not Rated,Adventure,8.5,8,United Kingdom,Armor Games,2.1
Jumurdzsák gyürüje,2006,Not Rated,Adventure,8.5,23,Hungary,Unknown,2.1
The Lord of the Rings: The Battle for Middle-earth II - The Rise of the Witch-king,2006,Not Rated,Fantasy,8.5,1000,United States,Electronic Arts (EA),2.09
The Godfather: Blackhand Edition,2007,Mature,Crime,8.5,176,United States,Electronic Arts (EA),2.09
Connections,1996,Not Rated,Mystery,8.5,12,United States,SOM Interactive,2.09
Etherlords II,2003,Not Rated,Action,8.5,66,Unknown,Unknown,2.08
Uncharted: Drake's Fortune,2007,Teen,Fantasy,8.5,20000,United States,Naughty Dog,2.08
LMA Manager 2007,2006,Not Rated,Sport,8.5,36,United Kingdom,Codemasters Software Company,2.08
Metroid Prime 3: Corruption,2007,Teen,Mystery,8.5,996,Japan,Nintendo Software Planning and Development (SPD),2.08
World of Warcraft: The Burning Crusade,2007,Teen,Fantasy,8.5,2000,United States,Blizzard Entertainment,2.08
Ebaa Sebuntiin: The Out of Infinity,2002,Teen,Drama,8.5,49,Japan,Kindle Imagine Develop (KID),2.08
"Warhammer 40,000: Dawn of War - Dark Crusade",2006,Mature,Sci-Fi,8.5,431,United States,Relic Entertainment,2.08
Company of Heroes,2006,Mature,War,8.5,813,Canada,Relic Entertainment,2.08
Silent Hunter III,2005,Teen,Action,8.5,60,Romania,Ubisoft Romania,2.08
Lost Odyssey,2007,Teen,Drama,8.5,459,Japan,Mistwalker,2.08
Strategic Conquest,1990,Not Rated,Adventure,8.5,28,United States,Delta,2.08
Mail Order Monster,1985,Not Rated,Adventure,8.5,18,United States,Electronic Arts (EA),2.07
RollerCoaster Tycoon 2,2002,Everyone,Adventure,8.5,399,United Kingdom,Unknown,2.07
World Games,1986,Not Rated,Sport,8.5,54,United States,Epyx Inc.,2.07
Krakout,1987,Not Rated,Family,8.5,38,United Kingdom,Gremlin Interactive,2.07
The Bizarre Adventures of Woodruff and the Schnibble,1994,Not Rated,Unknown,8.5,35,France,Coktel Vision,2.07
Gears of War,2006,Mature,War,8.5,8000,United States,Epic Games,2.07
Hearts of Iron II,2005,Not Rated,War,8.5,90,United States,Paradox Interactive,2.06
Close Combat: A Bridge Too Far,1997,Adults Only,Adventure,8.5,32,United States,Atomic Games,2.06
Championship Manager 2000/01,2000,Not Rated,Sport,8.5,109,United Kingdom,Sports Interactive,2.06
Tiny Toon Adventures: Buster's Hidden Treasure,1993,Not Rated,Adventure,8.5,82,Japan,Konami,2.06
NCAA Football 06,2005,Everyone,Sport,8.5,63,United States,Unknown,2.06
Prince of Persia: The Two Thrones,2005,Mature,Fantasy,8.5,3000,Canada,Ubisoft Montreal,2.06
Kuraishisu koa: Fainaru fantajî VII,2007,Teen,Fantasy,8.5,1000,Japan,Square Enix Company,2.06
Supremacy,1991,Not Rated,History,8.5,32,United States,Unknown,2.06
Little Big Adventure,1994,Not Rated,Adventure,8.5,144,France,Adeline Software,2.06
Call of Duty 2,2005,Teen,War,8.5,6000,United States,Infinity Ward,2.06
Alan Wake,2010,Teen,Horror,8.5,5000,Finland,Remedy Entertainment,2.06
Turrican II: The Final Fight,1991,Not Rated,Sci-Fi,8.5,76,Germany,Factor 5,2.05
Phantom Brave,2004,Teen,Fantasy,8.5,36,Japan,Nippon Ichi Software,2.05
Claw,1997,Everyone,Comedy,8.5,203,United States,Monolith Productions,2.05
Warzone 2100,1999,Teen,Adventure,8.5,46,United Kingdom,Pumpkin Studios,2.05
Dragon Ball Z: Budokai 3,2004,Teen,Fantasy,8.5,646,Japan,FUNimation Entertainment,2.05
Ultima Online,1997,Mature,Fantasy,8.5,105,United States,Electronic Arts (EA),2.05
Poketto Monsutâ Rîfugurîn,2004,Everyone,Fantasy,8.5,920,Japan,Creatures,2.05
Jak 3,2004,Teen,Comedy,8.5,1000,United States,Naughty Dog,2.04
Robotech: Invasion,2004,Teen,Sci-Fi,8.5,50,United States,Vicious Cycle Software Inc.,2.04
Devil May Cry 3,2005,Mature,Fantasy,8.5,2000,Japan,Capcom Company,2.04
MegaRace,1994,Not Rated,Sport,8.5,57,France,Cryo Interactive Entertainment,2.04
Myst IV: Revelation,2004,Teen,Mystery,8.5,221,Canada,Ubisoft Montreal,2.04
Rogue Trip: Vacation 2012,1998,Not Rated,Action,8.5,31,United States,SingleTrac Entertainment Technologies Inc.,2.04
Hostile Waters,2001,Not Rated,Sci-Fi,8.5,48,United Kingdom,Rage Software PLC,2.04
Dark Age of Camelot,2001,Not Rated,Fantasy,8.5,44,United States,Mythic Entertainment,2.03
Zeus: Master of Olympus,2000,Not Rated,Adventure,8.5,102,United States,Sierra Entertainment,2.03
Homeworld: Cataclysm,2000,Not Rated,Sci-Fi,8.5,72,United States,Barking Dog Studios,2.03
Nancy Drew: The Secret of Shadow Ranch,2004,Not Rated,Romance,8.5,110,United States,Her Interactive Inc.,2.03
Drakan: Order of the Flame,1999,Not Rated,Fantasy,8.5,70,United States,Surreal Software,2.03
Dûpurizumu,1999,Everyone,Comedy,8.5,54,Japan,Square Company,2.03
Wolfenstein: Enemy Territory,2003,Mature,War,8.5,330,United States,Splash Damage,2.02
Jurassic Park: Operation Genesis,2003,Teen,Family,8.5,381,Australia,Unknown,2.02
Ratchet & Clank: Going Commando,2003,Teen,Comedy,8.5,1000,United States,Insomniac Games,2.02
Might and Magic VII: For Blood and Honor,1999,Teen,Sci-Fi,8.5,95,United States,New World Computing,2.02
Marathon,1994,Not Rated,Sci-Fi,8.5,83,United States,Bungie Software,2.01
Prince of Persia: The Sands of Time,2003,Teen,Fantasy,8.5,5000,Canada,Ubisoft Montreal,2.01
Jak II,2003,Teen,Comedy,8.5,1000,United States,Naughty Dog,2.01
Panzer Dragoon II Zwei,1996,Adults Only,Action,8.5,93,Japan,Team Andromeda,2
WWE SmackDown! Here Comes the Pain,2003,Teen,Sport,8.5,617,United States,THQ,2
Mario Kart: Double Dash!!,2003,Everyone,Fantasy,8.5,2000,Japan,GameCube,2
Outcast,1999,Not Rated,Sci-Fi,8.5,167,Belgium,Appeal,1.99
Legacy of Kain: Defiance,2003,Mature,Fantasy,8.5,676,United States,Crystal Dynamics,1.99
Ace Combat 04: Shattered Skies,2001,Everyone,Drama,8.5,198,Japan,Namco,1.99
Zero,2001,Teen,Mystery,8.5,582,Japan,Tecmo,1.99
Drakan: The Ancient's Gates,2002,Not Rated,Fantasy,8.5,62,United States,Outsource Media,1.98
Gran Turismo 4,2004,Everyone,Sport,8.5,944,Japan,Polyphony Digital,1.98
Anachronox,2001,Teen,Sci-Fi,8.5,114,Canada,Ion Storm,1.98
The Journeyman Project 2: Buried in Time,1995,Adults Only,Sci-Fi,8.5,49,United States,Presto Studios,1.98
Pirates!,1987,Not Rated,Adventure,8.5,129,United States,MicroProse Software Inc.,1.97
Colonization,1994,Not Rated,Adventure,8.5,151,United States,MicroProse Software Inc.,1.97
Sonic the Hedgehog 2,1992,Everyone,Family,8.5,2000,Japan,Sega Technical Institute,1.97
WCW/NWO Revenge,1998,Everyone,Sport,8.5,152,United States,AKI USA Inc.,1.96
Doom II: Hell on Earth,1994,Mature,Sci-Fi,8.5,2000,United States,id Software,1.96
Brave Fencer Musashiden,1998,Everyone,Comedy,8.5,97,Japan,Square Company,1.96
Rumble Racing,2001,Everyone,Sport,8.5,47,United States,Electronic Arts (EA),1.96
Battlezone II: Combat Commander,1999,Everyone,Action,8.5,41,United States,Pandemic Production,1.96
Banjo-Tooie,2000,Everyone,Fantasy,8.5,899,United Kingdom,Rare,1.95
Phantasy Star Online,2000,Teen,Fantasy,8.5,105,Japan,Sonic Team,1.95
Paper Mario,2000,Everyone,Fantasy,8.5,1000,Japan,Nintendo,1.95
Half-Life: Counter-Strike,2000,Mature,Crime,8.5,3000,United States,The Counter-Strike Team,1.95
WWF No Mercy,2000,Teen,Sport,8.5,273,United States,AKI USA Inc.,1.95
Banjo-Kazooie,1998,Everyone,Fantasy,8.5,1000,United Kingdom,Rare,1.94
Spy Fox in 'Dry Cereal',1997,Everyone,Comedy,8.5,84,United States,Humongous Entertainment,1.94
Spyro: Year of the Dragon,2000,Everyone,Fantasy,8.5,1000,United States,Cerny Games,1.94
Parasite Eve,1998,Mature,Horror,8.5,644,Japan,Square Company,1.94
Warcraft II: Tides of Darkness,1995,Not Rated,Fantasy,8.5,1000,United States,Blizzard Entertainment,1.94
Diablo,1996,Mature,Fantasy,8.5,2000,United States,Blizzard Entertainment,1.94
Spyro 2: Ripto's Rage!,1999,Everyone,Fantasy,8.5,1000,United States,Insomniac Games,1.94
Wing Commander II: Vengeance of the Kilrathi,1991,Not Rated,Sci-Fi,8.5,176,United States,Origin Systems,1.94
Gran Turismo 2,1999,Everyone,Sport,8.5,791,Japan,Polyphony Digital,1.94
Ultima Underworld II: Labyrinth of Worlds,1993,Not Rated,Fantasy,8.5,62,United States,Looking Glass Studios,1.94
Sûpâ Mario: Yosshî Airando,1995,Adults Only,Fantasy,8.5,2000,Japan,Nintendo,1.94
Someone's in the Kitchen!,1996,Not Rated,Unknown,8.5,10,United States,DreamWorks Interactive,1.94
Ys: Book 1&2,1990,Not Rated,Fantasy,8.5,85,Japan,Alfa System Co. Ltd.,1.94
"King's Quest VI: Heir Today, Gone Tomorrow",1992,Not Rated,Romance,8.5,301,United States,Sierra,1.94
Seiken densetsu 2,1993,Not Rated,Drama,8.5,637,Japan,Square Company,1.94
Romancing SaGa 3,1995,Not Rated,Fantasy,8.5,25,Japan,Square Company,1.93
Tetris,1984,Not Rated,Unknown,8.5,3000,United States,AcademySoft,1.93
Nintendô ôru sutâ dairantô Sumasshu burazâzu,1999,Everyone,Fantasy,8.5,2000,Japan,HAL Laboratory,1.93
Rama,1997,Adults Only,Sci-Fi,8.5,72,United States,Sierra Entertainment,1.93
Starsiege,1999,Not Rated,Sci-Fi,8.5,26,United States,Dynamix,1.93
Crash Bandicoot 2: Cortex Strikes Back,1997,Everyone,Comedy,8.5,2000,United States,Naughty Dog,1.93
The X-Files Game,1998,Teen,Sci-Fi,8.5,830,United States,Hyperbole Studios,1.93
Star Wars: Jedi Knight - Dark Forces II,1997,Not Rated,Fantasy,8.5,1000,United States,LucasArts Entertainment Company,1.92
Noir,1996,Teen,Mystery,8.5,28,United States,Cyberdreams,1.92
The Dig,1995,Adults Only,Sci-Fi,8.5,931,United States,LucasArts Entertainment Company,1.92
Command & Conquer: Red Alert,1996,Teen,War,8.5,2000,United States,Westwood Studios Inc.,1.92
Catherine: Full Body,2019,Mature,Romance,8.4,270,Japan,Studio Zero (II),1.92
Doctor Who Infinity: The Dalek Invasion of Time,2018,Not Rated,Sci-Fi,8.4,8,United Kingdom,Tiny Rebel Games,1.92
Super Mario Maker 2,2019,Everyone,Family,8.4,665,Japan,Nintendo Entertainment Planning & Development (EPD),1.92
Dark Deception,2018,Teen,Sci-Fi,8.4,84,United States,Glowstick Entertainment,1.91
Warfare 1917,2013,Not Rated,War,8.4,12,United States,Unknown,1.91
Kingdom Rush Origins,2017,Not Rated,Fantasy,8.4,46,Uruguay,Ironhide Game Studio,1.91
Kingdom Rush Frontiers,2016,Not Rated,Fantasy,8.4,54,Uruguay,Ironhide Game Studio,1.91
Epic Seven,2018,Not Rated,Fantasy,8.4,19,South Korea,Smilegate,1.9
Judge Eyes: Shinigami no yuigon,2018,Mature,Drama,8.4,410,Japan,Ryu Ga Gotoku Studio,1.9
Gris,2018,Everyone,Fantasy,8.4,738,Spain,Nomada Studio,1.9
Tzar: The Burden of the Crown,2000,Not Rated,War,8.4,16,Bulgaria,Haemimont Games,1.89
Winx Club: Magical Fairy Party,2012,Everyone,Fantasy,8.4,6,United States,D3P Publisher,1.89
The Pillars of the Earth,2017,Mature,History,8.4,58,Germany,Daedalic Entertainment,1.89
Hagane no Renkinjutsushi: Senaka o Takuseshimono,2010,Not Rated,Action,8.4,49,Japan,Namco Bandai Games,1.88
Danny Phantom: The Ultimate Enemy,2005,Everyone,Fantasy,8.4,23,Japan,THQ,1.88
Persona Q2: New Cinema Labyrinth,2018,Mature,Family,8.4,33,Japan,Atlus,1.88
Poptropica,2007,Everyone,Adventure,8.4,40,United States,Jeff Kinney Group,1.88
Sonic Mania Plus,2018,Everyone,Family,8.4,1000,Unknown,Unknown,1.88
11.22.63 VR,2016,Not Rated,Sci-Fi,8.4,20,United States,RadicalMedia,1.88
DreamWorks Dragons: Rise Of Berk,2014,Not Rated,Adventure,8.4,15,United States,Ludia,1.88
Copong,2016,Not Rated,Animation,8.4,16,Canada,Ministry of Motion (MOM) Studio,1.88
Europa Universalis IV,2013,Teen,History,8.4,278,Sweden,Unknown,1.88
Crusader Kings II,2012,Teen,History,8.4,207,Sweden,Unknown,1.88
Subnautica,2018,Everyone10+,Mystery,8.4,1000,United States,Unknown,1.87
Rakuen,2017,Not Rated,Fantasy,8.4,17,Unknown,Unknown,1.87
Vindictive Drive,2017,Not Rated,Thriller,8.4,9,Argentina,Unknown,1.87
The Exorcist: Legion VR,2017,Not Rated,Horror,8.4,12,United Kingdom,Wolf & Wood,1.87
Ariel's Story Studio,1997,Not Rated,Musical,8.4,14,United States,Disney Interactive,1.87
My Summer Car,2016,Teen,Comedy,8.4,36,Finland,Amistech Games,1.87
Guild Wars 2: Path of Fire,2017,Teen,Fantasy,8.4,87,United States,Blindlight,1.87
Grand Theft Auto: Episodes from Liberty City,2009,Mature,Drama,8.4,891,United Kingdom,Rockstar North,1.86
Stunts,1990,Not Rated,Unknown,8.4,15,Canada,Distinctive Software Inc.,1.86
Cubots: The Origins,2017,Not Rated,Adventure,8.4,14,India,Street Lamp Games,1.86
Batman: The Enemy Within,2017,Mature,Drama,8.4,1000,United States,Telltale Games,1.86
Starbo,2018,Not Rated,Horror,8.4,18,Sweden,Diax Game,1.86
Monument Valley,2014,Not Rated,Fantasy,8.4,261,United Kingdom,Ustwo,1.86
Ib,2012,Not Rated,Horror,8.4,52,Japan,Unknown,1.86
Trump Castle: The Ultimate Casino Gambling Simulation,1988,Not Rated,Unknown,8.4,19,United States,Capstone Software,1.86
Call of Duty: Modern Warfare Remastered,2016,Mature,Thriller,8.4,2000,United States,Infinity Ward,1.86
Elite Dangerous: Horizons,2015,Not Rated,Sci-Fi,8.4,69,United Kingdom,Frontier Developments,1.85
Hatsune Miku Project Diva: Future Tone,2016,Not Rated,Music,8.4,25,Japan,Sega,1.85
Gods of Rome,2016,Not Rated,Fantasy,8.4,9,Canada,Unknown,1.85
Dishonored 2,2016,Mature,Fantasy,8.4,2000,France,Arkane Studios,1.85
Don't Starve: Shipwrecked,2016,Not Rated,Unknown,8.4,25,Canada,Klei Entertainment,1.84
Hoshi no Kâbi: Robobo puranetto,2016,Everyone,Sci-Fi,8.4,476,Japan,HAL Laboratory,1.84
The Barn: The Video Game,2016,Not Rated,Horror,8.4,10,United States,Nevermore Production Studios,1.84
Yu-Gi-Oh: Deyueru monsutazu GX: Tagu fosue boryushon,2007,Everyone,Action,8.4,40,Japan,Unknown,1.84
Hiveswap,2017,Not Rated,Adventure,8.4,12,United States,What Pumpkin Games,1.84
Star Wars: The Old Republic - Knights of the Fallen Empire,2015,Teen,Fantasy,8.4,418,United States,Bioware,1.83
Tactics Ogre: Let Us Cling Together,1995,Not Rated,Fantasy,8.4,31,Japan,Square Enix Company,1.83
Halo: Combat Evolved Anniversary,2011,Mature,Mystery,8.4,1000,Unknown,343 Industries,1.83
Destiny: The Taken King,2015,Teen,Fantasy,8.4,827,United States,Bungie Studios,1.83
"Sons of Anarchy: The Prospect, Episode 1",2015,Not Rated,Drama,8.4,48,United States,Orpheus Interactive,1.83
South Park: The Fractured But Whole,2017,Mature,Comedy,8.4,1000,United States,South Park Digital Studios,1.83
Gears of War: Ultimate Edition,2015,Mature,War,8.4,781,Canada,Storylab Productions,1.83
Freddi Fish 4: The Case of the Hogfish Rustlers of Briny Gulch,1999,Not Rated,Adventure,8.4,22,United States,Humongous Entertainment,1.83
Might and Magic VI: The Mandate of Heaven,1998,Not Rated,Sci-Fi,8.4,44,United States,New World Computing,1.82
Overwatch,2016,Teen,Fantasy,8.4,4000,United States,Blizzard Entertainment,1.82
Mitsume ga tooru,1992,Not Rated,Action,8.4,8,Japan,Natsume,1.82
Kingdom Rush,2011,Not Rated,Comedy,8.4,88,Uruguay,Ironhide Game Studio,1.82
Rurouni Kenshin: meiji kenyaku romantan ishin gekitouhen,1996,Not Rated,Fantasy,8.4,22,Japan,Zoom Inc.,1.82
Mata Nui Adventure Game,2001,Not Rated,Fantasy,8.4,20,United States,Templar Studios,1.82
Gemini Rue,2011,Not Rated,Sci-Fi,8.4,187,United States,Unknown,1.82
Tornado Outbreak,2009,Not Rated,Action,8.4,9,United States,Loose Cannon Studios,1.82
Elite: Dangerous,2014,Not Rated,Sci-Fi,8.4,161,United Kingdom,Frontier Developments,1.81
Outlast: Whistleblower,2014,Mature,Mystery,8.4,1000,Canada,Red Barrels,1.81
"Zombies, Run! 2",2013,Not Rated,Action,8.4,23,United Kingdom,Six to Start,1.81
The Stanley Parable,2013,Teen,Fantasy,8.4,2000,United States,Galactic Cafe,1.81
Valiant Hearts: The Great War,2014,Teen,History,8.4,1000,France,Ubisoft Montpellier Studio,1.8
Neverwinter Nights 2: Mask of the Betrayer,2007,Teen,Fantasy,8.4,60,United States,Obsidian Entertainment,1.8
Silver,1999,Not Rated,Fantasy,8.4,34,United Kingdom,Infogrames UK Ltd.,1.8
Kamen Raidâ Batoraido Wô,2013,Not Rated,Action,8.4,10,Japan,Namco Bandai Games,1.8
Dishonored,2012,Mature,Fantasy,8.4,8000,United States,Arkane Studios,1.8
Spec Ops: The Line,2012,Mature,Mystery,8.4,3000,United States,Yager Development,1.8
Beyond: Two Souls,2013,Mature,Drama,8.4,12000,France,Quantic Dream,1.79
BioShock 2: Minerva's Den,2010,Not Rated,Horror,8.4,970,United States,2K Marin,1.79
Mario & Ruîji RPG 3!!!,2009,Everyone,Fantasy,8.4,484,Japan,AlphaDream,1.79
As Dusk Falls,2022,Mature,Thriller,8.4,117,United Kingdom,Interior Night,1.78
inFamous 2,2011,Teen,Fantasy,8.4,3000,United States,Sucker Punch Productions,1.78
The Book of Unwritten Tales,2011,Teen,Adventure,8.4,88,Germany,KING Art,1.78
Nexus: The Jupiter Incident,2004,Not Rated,Unknown,8.4,18,Hungary,Mithis Entertainment,1.78
Sengoku basara 3,2010,Teen,Drama,8.4,38,Japan,Capcom Company,1.77
Red Dead Redemption: Undead Nightmare,2010,Mature,Fantasy,8.4,4000,United States,Rockstar San Diego,1.77
Mount & Blade: Warband,2010,Not Rated,War,8.4,773,Turkey,Paradox Interactive,1.77
Football Manager 2011,2010,Not Rated,Sport,8.4,185,United Kingdom,Sega,1.77
Bloodborne PSX,2022,Mature,Fantasy,8.4,16,United States,LWMedia,1.77
Expeditions: Rome,2022,Not Rated,War,8.4,9,Denmark,Logic Artists,1.77
CR: Back to the Future,2008,Not Rated,Adventure,8.4,42,Japan,Universal Pictures,1.76
Saiko No Sutoka,2020,Not Rated,Horror,8.4,8,Unknown,Unknown,1.76
