Name,year,esrp,genre,rate,vote,country,company
Wiedzmin 3: Dziki Gon Krew i wino,2016,20162016MM,ActionAdventureDrama,9.8,7.5K,Poland,CD Projekt RED
Red Dead Redemption II,2018,20182018MM,ActionAdventureCrime,9.7,35K,United Kingdom,Rockstar Games
Wiedzmin 3: Dziki Gon,2015,20152015MM,ActionAdventureDrama,9.7,26K,Poland,CD Projekt RED
The Last of Us,2013,20132013MM,ActionAdventureDrama,9.7,60K,United States,Naughty Dog
Mass Effect: Legendary Edition,2021,20212021MM,ActionAdventureSci-Fi,9.7,1.5K,United States,
God of War,2018,20182018MM,ActionAdventureDrama,9.6,26K,United States,SCEA Santa Monica Studios
Perusona 5: Za roiyaru,2019,20192019MM,ActionAdventureFantasy,9.6,1.2K,Japan,Atlus
Zeruda no densetsu: Toki no okarina,1998,19981998EE,ActionAdventureFantasy,9.6,9.5K,Japan,Nintendo Entertainment Analysis and Development (EAD) (I)
Metal Gear Solid,1998,19981998MM,ActionAdventureDrama,9.6,12K,Japan,Konami Computer Entertainment
Wiedzmin 3: Dziki Gon - Serca z kamienia,2015,20152015MM,ActionAdventureDrama,9.5,6.2K,Poland,CD Projekt RED
Uncharted 4: A Thief's End,2016,20162016TT,ActionAdventureDrama,9.5,28K,United States,Naughty Dog
Zeruda no densetsu: Buresu obu za wairudo,2017,20172017E10+E10+,ActionAdventureFantasy,9.5,7K,United States,Nintendo Entertainment Planning & Development (EPD)
Grand Theft Auto V,2013,20132013MM,ActionAdventureCrime,9.5,59K,United Kingdom,Rockstar Games
Mass Effect 2,2010,20102010MM,ActionAdventureDrama,9.5,20K,United States,Bioware
Red Dead Redemption,2010,20102010MM,ActionAdventureCrime,9.5,26K,United States,Rockstar Games
Half-Life: Alyx,2020,20202020,ActionAdventureHorror,9.5,710,United States,Valve
Elden Ring,2022,20222022MM,ActionAdventureFantasy,9.5,3.8K,Japan,Bandai Namco Entertainment
Metal Gear Solid 3: Subsistence,2005,20052005MM,ActionAdventureDrama,9.5,2.5K,Japan,Kojima Productions
Metal Gear Solid 3: Snake Eater,2004,20042004MM,ActionAdventureDrama,9.5,10K,Japan,Konami Computer Entertainment
Star Wars: Knights of the Old Republic,2003,20032003TT,ActionAdventureFantasy,9.5,8.6K,United States,Bioware
Chrono Trigger,1995,19951995EE,ActionAdventureFantasy,9.5,3K,Japan,Square Company
Fainaru fantajî VII,1997,19971997TT,ActionAdventureFantasy,9.5,10K,Japan,Square Company
Fallout 2: A Post-Nuclear Role-Playing Game,1998,19981998MM,ActionAdventureSci-Fi,9.5,3.8K,United States,Interplay Entertainment
Uncharted: The Nathan Drake Collection,2015,20152015TT,ActionAdventureFantasy,9.4,5.3K,United States,Sony Interactive Entertainment
Bloodborne: The Old Hunters,2015,20152015MM,ActionAdventureFantasy,9.4,1.5K,Japan,From Software
Final Fantasy X/X-2: HD Remaster,2013,20132013TT,ActionAdventureFantasy,9.4,8,Japan,Square Enix Company
The Elder Scrolls V: Skyrim,2011,20112011MM,ActionAdventureFantasy,9.4,29K,United States,Bethesda Game Studios
Tiny Thief,2013,20132013EE,AdventureComedyCrime,9.4,7,Finland,5 Ants Games
Portal 2,2011,20112011E10+E10+,AdventureComedySci-Fi,9.4,15K,United States,Valve
Batman: Arkham City,2011,20112011TT,ActionAdventureCrime,9.4,31K,United Kingdom,DC Entertainment
Uncharted: Legacy of Thieves Collection,2022,20222022TT,ActionAdventureDrama,9.4,244,United States,Naughty Dog
Uncharted 2: Among Thieves,2009,20092009TT,ActionAdventureFantasy,9.4,25K,United States,Naughty Dog
Batman: Arkham Collection,2018,20182018MM,Adventure,9.4,258,United States,
Metal Gear Solid 4: Guns of the Patriots,2008,20082008MM,ActionAdventureDrama,9.4,11K,Japan,Kojima Productions
Grand Theft Auto: San Andreas,2004,20042004MM,ActionCrime,9.4,39K,United Kingdom,Rockstar North
Half-Life 2,2004,20042004MM,ActionAdventureSci-Fi,9.4,16K,United States,Valve
Silent Hill 2,2001,20012001MM,DramaHorrorMystery,9.4,6.6K,Japan,Creature Labs
Forgotten Realms: Baldur's Gate II - Shadows of Amn,2000,20002000TT,ActionAdventureFantasy,9.4,2.1K,United States,Bioware
Planescape: Torment,1999,19991999TT,AdventureDramaFantasy,9.4,2K,United States,Black Isle Studios
Kingdom Hearts HD 1.5 + 2.5 Remix,2017,20172017E10+E10+,ActionAdventureFamily,9.3,657,Japan,Disney Interactive Japan
Persona 5,2016,20162016MM,ActionAdventureFantasy,9.3,2.6K,Japan,Atlus
P.T.,2014,20142014Not RatedNot Rated,HorrorMystery,9.3,1.7K,United States,Kojima Productions
Persona 4 Golden,2012,20122012MM,ActionAdventureFantasy,9.3,1K,Japan,Atlus
Zeruda no densetsu: Toki no okarina 3D,2011,20112011E10+E10+,ActionAdventureFamily,9.3,1.1K,Japan,Grezzo
Mass Effect 3: Citadel,2013,20132013MM,ActionAdventureSci-Fi,9.3,139,Canada,Bioware
Kingdom Hearts II: Final Mix+,2007,20072007,ActionAdventureFamily,9.3,1.3K,Japan,Square Enix Company
Wanda to kyozô,2005,20052005TT,ActionAdventureDrama,9.3,4K,Japan,Sony Computer Entertainment
Kingdom Hearts II,2005,20052005E10+E10+,ActionAdventureFamily,9.3,7.1K,Japan,Buena Vista Games
Zeruda no densetsu: Kamigami no toraifôsu,1991,19911991EE,ActionAdventureFantasy,9.3,3.4K,Japan,Nintendo Entertainment Analysis and Development (EAD) (I)
The Secret of Monkey Island,1990,19901990EE,AdventureComedyFantasy,9.3,3.1K,United States,Lucasfilm Games
Monkey Island 2: LeChuck's Revenge,1991,19911991,AdventureComedyFantasy,9.3,2.4K,United States,LucasArts Entertainment Company
Higurashi: When They Cry Kai,2004,20042004,DramaHorrorMystery,9.2,47,Japan,
Ghost of Tsushima,2020,20202020MM,ActionAdventureDrama,9.2,8.1K,United States,Sucker Punch Productions
Spider-Man,2018,20182018TT,ActionAdventureFantasy,9.2,20K,United States,Insomniac Games
Batman: Return to Arkham,2016,20162016TT,ActionAdventureCrime,9.2,1.8K,United Kingdom,Rocksteady Studios
Detroit: Become Human,2018,20182018MM,ActionAdventureDrama,9.2,17K,France,Quantic Dream
Kidou Butoden G-Gundam,1994,19941994,Action,9.2,7,Japan,
Bloodborne,2015,20152015MM,ActionAdventureFantasy,9.2,5.3K,Japan,From Software
Kingdom Hearts HD 2.5 Remix,2014,20142014E10+E10+,ActionAdventureFamily,9.2,852,Japan,Square Enix Company
The Orange Box,2007,20072007MM,ActionAdventureComedy,9.2,691,United States,Valve
The Walking Dead: The Game - Season 1,2012,20122012MM,DramaHorrorSci-Fi,9.2,13K,United States,Telltale Games
Scarface: Money. Power. Respect.,2006,20062006MM,Action,9.2,81,United States,PlayStation Portable
GTAV,2013,20132013,ActionCrimeDrama,9.2,133,,Rockstar New York
Fire Pro Wrestling World,2017,20172017,Action,9.2,5,Japan,
The Great Ace Attorney 2: Resolve,2017,20172017,,9.2,47,Japan,Capcom Company
Disco Elysium - The Final Cut,2021,20212021MM,ComedyCrimeDrama,9.2,332,United Kingdom,
It Takes Two,2021,20212021TT,AdventureComedyDrama,9.2,2.1K,Sweden,Hazelight Studios
Omori,2020,20202020MM,AdventureDramaFantasy,9.2,358,,
Persona 4,2008,20082008MM,ActionAdventureFantasy,9.2,1K,Japan,Atlus
Rain World,2017,20172017E10+E10+,ActionAdventureFantasy,9.2,12,United States,Videocult
Batman: Arkham Asylum,2009,20092009TT,ActionAdventureCrime,9.2,27K,United Kingdom,DC Comics
Horizon: Forbidden West,2022,20222022TT,ActionAdventureMystery,9.2,2.7K,Netherlands,Guerrilla Games
Phoenix Wright: Ace Attorney Trilogy,2019,20192019TT,AdventureComedyCrime,9.2,102,Japan,Capcom Company
Battle Through the Heavens,2018,20182018,,9.2,25,China,Tencent Games
Hoko no yuusha no nariagari: Relive the Animation,2019,20192019,Adventure,9.2,6,Japan,
Trogdor!,2003,20032003,ActionComedyFantasy,9.2,6,United States,Videlectrix
Mass Effect,2007,20072007MM,ActionAdventureDrama,9.2,18K,United States,Bioware
God of War II,2007,20072007MM,ActionAdventureFantasy,9.2,9K,United States,SCEA Santa Monica Studios
Biohazard 4,2005,20052005MM,ActionAdventureFantasy,9.2,13K,Japan,Armature Studio
Mafia: The City of Lost Heaven,2002,20022002MM,ActionCrimeDrama,9.2,5.9K,Czech Republic,Illusion Softworks
Kingdom Hearts,2002,20022002EE,ActionAdventureFamily,9.2,7.3K,Japan,Disney Interactive Japan
Grand Theft Auto: Vice City,2002,20022002MM,ActionCrimeDrama,9.2,26K,United Kingdom,Rockstar North
Metal Gear Solid: Integral,1999,19991999,ActionAdventureDrama,9.2,359,Japan,Konami Computer Entertainment
Max Payne,2001,20012001MM,ActionCrimeDrama,9.2,15K,Finland,Remedy Entertainment
Deus Ex,2000,20002000MM,ActionAdventureDrama,9.2,3.2K,United States,Eidos Interactive
Akumajo Dracula X: Gekka no Yasokyoku,1997,19971997TT,ActionAdventureFantasy,9.2,1.6K,Japan,Konami Computer Entertainment
Super Mario Bros. 3,1988,19881988,ActionAdventureFamily,9.2,5.2K,Japan,Nintendo Entertainment Analysis and Development (EAD) (I)
Half-Life,1998,19981998MM,ActionSci-FiThriller,9.2,10K,United States,Valve
Super Mario World,1990,19901990EE,ActionAdventureFamily,9.2,4.8K,Japan,Nintendo Entertainment Analysis and Development (EAD) (I)
StarCraft,1998,19981998TT,ActionAdventureSci-Fi,9.2,5.2K,United States,Blizzard Entertainment
Grim Fandango,1998,19981998TT,AdventureComedyCrime,9.2,3.5K,United States,LucasArts Entertainment Company
Fallout: A Post-Nuclear Role-Playing Game,1997,19971997MM,ActionAdventureSci-Fi,9.2,3.8K,United States,Interplay Entertainment
Growlanser VI: Precarious World,2007,20072007,Adventure,9.1,18,Japan,Career Soft
Astro Bot: Rescue Mission,2018,20182018E10+E10+,Sci-Fi,9.1,195,Japan,SIE Japan Studio
Higurashi: When They Cry,2002,20022002,DramaHorrorMystery,9.1,66,Japan,
Resident Evil 2,2019,20192019MM,ActionHorrorSci-Fi,9.1,6.9K,Japan,Capcom Company
Umineko When They Cry Chiru,2009,20092009,FantasyHorrorMystery,9.1,75,Japan,07th Expansion
Super Mario Odyssey,2017,20172017E10+E10+,AnimationActionAdventure,9.1,4K,Japan,Nintendo Entertainment Planning & Development (EPD)
Final Fantasy VII Remake,2020,20202020TT,ActionAdventureFantasy,9.1,3.6K,Japan,Square Enix Company
Dark Souls III,2016,20162016MM,ActionAdventureFantasy,9.1,4.3K,Japan,From Software
Mob of the Dead,2013,20132013,ActionHorrorThriller,9.1,852,United States,Activision
Dark Souls,2011,20112011MM,ActionAdventureFantasy,9.1,4.7K,Japan,From Software
Super Mario World: Super Mario Advance 2,2001,20012001EE,ActionAdventureFamily,9.1,9,Japan,Nintendo
Mass Effect 3,2012,20122012MM,ActionAdventureSci-Fi,9.1,15K,Canada,Bioware
BioShock Infinite,2013,20132013MM,ActionAdventureDrama,9.1,20K,United States,Irrational Games
Dragon Age: Origins,2009,20092009MM,ActionAdventureFantasy,9.1,7.9K,Canada,Bioware
Soul Knight,2017,20172017E10+E10+,AdventureActionFantasy,9.1,11,United States,ChillyRoom
Toraianguru sutoratejî,2022,20222022TT,ActionAdventureFantasy,9.1,52,Japan,Artdink
Dark Souls: Artorias of the Abyss,2012,20122012,ActionAdventureFantasy,9.1,347,Japan,From Software
Bioshock: The Collection,2016,20162016MM,ActionAdventureHorror,9.1,408,United States,
Metal Gear Solid: HD Collection,2011,20112011,ActionWar,9.1,65,United States,Bluepoint Games
Assassin's Creed II,2009,20092009MM,ActionAdventureHistory,9.1,23K,Canada,Ubisoft Montreal
God of War III,2010,20102010MM,ActionAdventureFantasy,9.1,10K,United States,SCEA Santa Monica Studios
Portal,2007,20072007TT,AdventureComedySci-Fi,9.1,13K,United States,Valve
Disco Elysium,2019,20192019MM,ComedyCrimeDrama,9.1,728,Estonia,Za/Um
The Walking Dead: The Telltale Definitive Series,2019,20192019,DramaHorrorThriller,9.1,471,United States,Skybound Entertainment
BioShock,2007,20072007MM,ActionAdventureHorror,9.1,20K,United States,2K Games
Fallout 3,2008,20082008MM,ActionAdventureSci-Fi,9.1,19K,United States,Bethesda Game Studios
Lego Star Wars: The Skywalker Saga,2022,20222022E10+E10+,ActionAdventureComedy,9.1,1.5K,United Kingdom,The LEGO Group
Gothic II,2002,20022002MM,ActionAdventureFantasy,9.1,763,Germany,Piranha Bytes
Half-Life 2: Episode Two,2007,20072007MM,ActionAdventureSci-Fi,9.1,6.2K,United States,Valve
Vampire: The Masquerade - Bloodlines,2004,20042004MM,ActionDramaFantasy,9.1,1.8K,United States,Troika Games
God of War,2005,20052005MM,ActionAdventureFantasy,9.1,10K,United States,SCEA Santa Monica Studios
Max Payne 2: The Fall of Max Payne,2003,20032003MM,ActionCrimeDrama,9.1,11K,Finland,Remedy Entertainment
Metal Gear: Ghost Babel,2000,20002000EE,ActionAdventureSci-Fi,9.1,1.2K,Japan,Konami Computer Entertainment
Biohazard,2002,20022002MM,ActionHorrorMystery,9.1,4.1K,Japan,Capcom Company
UFO - Enemy Unknown,1994,19941994,ActionSci-FiThriller,9.1,383,United Kingdom,MicroProse Software Inc.
Master of Orion II: Battle at Antares,1996,19961996,Sci-Fi,9.1,142,United States,MicroProse Software Inc.
Fainaru fantajî X,2001,20012001TT,AdventureFantasyRomance,9.1,7.6K,Japan,Square Company
Shenmue,1999,19991999TT,ActionAdventureCrime,9.1,1.2K,Japan,SEGA/AM2 Company
Super Metroid,1994,19941994EE,ActionAdventureMystery,9.1,2.1K,Japan,Nintendo
GoldenEye 007,1997,19971997TT,ActionAdventureThriller,9.1,5.6K,United Kingdom,Rare
Super Mario 64,1996,19961996K-AK-A,ActionAdventureComedy,9.1,6.1K,Japan,Nintendo
Biohazard 2,1998,19981998MM10m,ActionHorrorSci-Fi,9.1,5.9K,Japan,Capcom Company
The Curse of Monkey Island,1997,19971997K-AK-A,AdventureComedyFantasy,9.1,2.7K,United States,LucasArts Entertainment Company
Gabriel Knight: Sins of the Fathers,1993,19931993TT,AdventureDramaHorror,9.1,678,United States,Sierra Entertainment
Chaos;Child,2014,20142014,MysterySci-Fi,9.0,16,Japan,
Ori and the Will of the Wisps,2020,20202020EE,AdventureFantasy,9.0,1.1K,Austria,Moon Studios
Uma Musume: Pretty Derby,2021,20212021,ActionSport,9.0,5,Japan,Cygames
Ace Academy,2016,2016201610h,Comedy,9.0,5,Canada,PixelFade
Cyber Danganronpa VR: The Class Trial,2016,20162016TT,,9.0,7,Japan,NIS America
Assassin's Creed: The Ezio Collection,2016,20162016MM,ActionAdventureFantasy,9.0,710,United States,
Fairy Fencer F: Advent Dark Force,2016,20162016TT,ActionAdventureFantasy,9.0,100,Japan,Compile Heart
Kingdom Hearts HD 1.5 Remix,2013,20132013E10+E10+,ActionAdventureFamily,9.0,818,Japan,Disney Interactive Japan
Horizon Zero Dawn,2017,20172017TT,ActionAdventureMystery,9.0,14K,Netherlands,Guerrilla Games
Fairy Fencer F,2013,20132013TT,Fantasy,9.0,99,Japan,Compile Heart
Batman: Arkham Knight,2015,20152015MM,ActionAdventureCrime,9.0,19K,United Kingdom,DC Entertainment
Zeruda no densetsu: Kaze no takuto HD,2013,20132013E10+E10+,ActionAdventureFantasy,9.0,1.4K,Japan,Nintendo Entertainment Analysis and Development (EAD) (I)
AI: The Somnium Files - nirvanA Initiative,2022,20222022MM,AdventureCrimeMystery,9.0,27,Japan,
Terminator: Resistance Annihilation Line,2021,20212021,Action,9.0,5,United Kingdom,Reef Entertainment
Uncharted 3: Drake's Deception,2011,20112011TT,ActionAdventureFantasy,9.0,22K,United States,Naughty Dog
Zenobureido,2010,20102010TT,ActionAdventureFantasy,9.0,632,Japan,Monolith Soft
Doki Doki Literature Club Plus!,2021,20212021MM,DramaHorrorRomance,9.0,71,United States,Serenity Forge
Halo 2: Anniversary,2014,20142014MM,ActionAdventureSci-Fi,9.0,343,United States,343 Industries
Postal: Brain Damaged,2022,20222022MM,ActionAdventureComedy,9.0,6,United States,CreativeForge Games
Granny Smith,2012,20122012EE,ActionAdventureComedy,9.0,7,United States,Mediocre AB
Kimi to Kanojo to Kanojo no Koi,2013,20132013,AdventureHorrorRomance,9.0,10,Japan,
Final Fantasy Chronicles,2001,20012001TT,ActionAdventureComedy,9.0,6,Japan,Toei Animation
Imscared - A Pixelated Nightmare,2016,20162016,AdventureHorrorThriller,9.0,13,United States,Ivan Zanotti's MyMadnessWorks
The Great Ace Attorney Chronicles,2021,20212021TT,AdventureComedyDrama,9.0,73,Japan,Capcom Company
Gothic II: Die Nacht des Raben,2003,20032003,ActionAdventureFantasy,9.0,387,Germany,Piranha Bytes
Wallace & Gromit: The Big Fix Up,2020,20202020,AdventureComedyMystery,9.0,13,United Kingdom,Aardman Animations
Hoshi no kâbî: Urutora sûpâ derakkusu,2008,20082008EE,Action,9.0,427,Japan,HAL Laboratory
Ratchet & Clank: Rift Apart,2021,20212021E10+E10+,ActionAdventureComedy,9.0,1.2K,United States,Insomniac Games
Persona 3 FES,2007,20072007MM,ActionAdventureFantasy,9.0,688,Japan,Atlus
Call of Duty 4: Modern Warfare,2007,20072007MM,ActionThriller,9.0,22K,United States,Infinity Ward
Final Fantasy XIV: Shadowbringers,2019,20192019TT,ActionAdventureFantasy,9.0,161,Japan,Square Enix Company
Super Mario Galaxy,2007,20072007EE,ActionAdventureFamily,9.0,5.3K,Japan,Nintendo Entertainment Analysis and Development (EAD) (I)
Championship Manager 2001/02,2001,20012001,Sport,9.0,192,United Kingdom,Eidos Interactive
Mother 3,2006,20062006TT,AdventureComedyDrama,9.0,457,Japan,Brownie Brown
Little Big Adventure 2,1997,19971997,Adventure,9.0,214,France,Adeline Software
The Elder Scrolls IV: Oblivion,2006,20062006TT,ActionAdventureFantasy,9.0,12K,United States,Bethesda Game Studios
Zeruda no densetsu Towairaito purinsesu,2006,20062006TT,ActionAdventureFantasy,9.0,5K,Japan,Nintendo Entertainment Analysis and Development (EAD) (I)
Paper Mario RPG,2004,20042004EE,AdventureFantasy,9.0,1.1K,Japan,Intelligent Systems
Heroes of Might and Magic III: The Restoration of Erathia,1999,19991999,ActionAdventureFantasy,9.0,1.2K,United States,New World Computing
Metal Gear Solid 2: Substance,2002,20022002MM,ActionAdventureDrama,9.0,2.1K,Japan,Konami Computer Entertainment
Zeruda no densetsu: Kaze no takuto,2002,20022002EE,ActionAdventureFantasy,9.0,3.3K,Japan,Nintendo Entertainment Analysis and Development (EAD) (I)
Gensô suikoden II,1998,19981998TT,ActionAdventureDrama,9.0,424,Japan,Konami Computer Entertainment
StarCraft: Brood War,1998,19981998TT,ActionAdventureSci-Fi,9.0,2.3K,United States,Blizzard Entertainment
Dai-Rantô Smash Brothers Deluxe,2001,20012001TT,ActionFantasySci-Fi,9.0,3.2K,Japan,GameCube
Diablo II: Lord of Destruction,2001,20012001MM,ActionAdventureFantasy,9.0,2.6K,United States,Blizzard Entertainment
Shenmue II,2001,20012001TT,ActionAdventureCrime,9.0,853,Japan,SEGA/AM2 Company
Baldur's Gate II: Throne of Bhaal,2001,20012001,ActionAdventureFantasy,9.0,1.2K,Canada,Bioware
Zeruda no densetsu: Mujura no kamen,2000,20002000EE,ActionAdventureFamily,9.0,3.6K,Japan,Nintendo Entertainment Analysis and Development (EAD) (I)
Diablo II,2000,20002000MM,ActionAdventureFantasy,9.0,4K,United States,Blizzard Entertainment
Metal Gear Solid 2: Sons of Liberty,2001,20012001MM,ActionAdventureDrama,9.0,8.5K,Japan,Konami Computer Entertainment
Indiana Jones and the Fate of Atlantis,1992,19921992,ActionAdventureFantasy,9.0,1.6K,United States,LucasArts Entertainment Company
Jagged Alliance 2,1999,19991999,Action,9.0,302,Canada,Sir-Tech
Sûpâ Mario korekushon,1993,19931993,ActionAdventureFamily,9.0,1.1K,Japan,Nintendo
The Longest Journey,1999,19991999MM,AdventureDramaFantasy,9.0,1.1K,Norway,Funcom
The Neverhood,1996,19961996TT,AdventureComedyMystery,9.0,573,United States,DreamWorks Interactive
Final Fantasy VI,1994,19941994TT,ActionAdventureFantasy,9.0,2.9K,Japan,Square Company
Day of the Tentacle,1993,19931993,AdventureComedySci-Fi,9.0,1.9K,United States,LucasArts Entertainment Company
Silent Hill,1999,19991999MM,DramaHorrorMystery,9.0,5.6K,Japan,Konami Computer Entertainment
The Beast Within: A Gabriel Knight Mystery,1995,19951995MM,AdventureDramaHorror,9.0,776,Canada,Sierra Entertainment
Hades,2018,20182018TT,ActionAdventureFantasy,8.9,1.5K,United States,Supergiant Games
Faiâ emuburemu: Fuuka setsugetsu,2019,20192019TT,AdventureDramaFantasy,8.9,694,Japan,Intelligent Systems
The Legend of Zelda: Majora's Mask 3D,2015,20152015E10+E10+,ActionAdventureFantasy,8.9,726,Japan,Grezzo
Kurobara no warukyûre,2016,20162016TT,Action,8.9,19,Japan,Compile Heart
Der Eisendrache,2016,20162016,ActionDramaHorror,8.9,235,United States,Treyarch Invention
Deep Sleep,2012,20122012,AdventureHorrorMystery,8.9,14,Poland,
Super Smash Bros. Ultimate,2018,20182018E10+E10+,ActionAdventureFantasy,8.9,3.3K,Japan,Bandai Namco Entertainment
Life Is Strange,2015,20152015MM,DramaMysterySci-Fi,8.9,12K,France,Dontnod Entertainment
Halo: The Master Chief Collection,2014,20142014MM,ActionAdventureSci-Fi,8.9,2.1K,United States,343 Industries
Ryû ga gotoku Zero: Chikai no basho,2015,20152015MM,ActionCrimeDrama,8.9,1.5K,Japan,Ryu Ga Gotoku Studio
Tales from the Borderlands: A Telltale Games Series,2014,20142014MM,AdventureComedySci-Fi,8.9,3.9K,United States,Gearbox Software
The Last of Us: Left Behind,2014,20142014MM,ActionAdventureDrama,8.9,9.7K,United States,Naughty Dog
The Wolf Among Us,2013,20132013MM,ActionCrimeDrama,8.9,7.1K,United States,DC Entertainment
Black Sails: Das Geisterschiff,2010,20102010,Adventure,8.9,79,Germany,Deck 13 Interactive
Parodius: Tako wa Chikyû o Sukuu,1988,19881988,ActionComedyFamily,8.9,55,Japan,Konami Industries
Growlanser: Wayfarer of Time,2003,20032003TT,ActionAdventureDrama,8.9,23,Japan,Career Soft
Far Cry 3,2012,20122012MM,ActionAdventure,8.9,19K,Canada,Ubisoft Massive Studio
South Park: The Stick of Truth,2014,20142014MM,ActionAdventureComedy,8.9,4.8K,United States,345 Games
Destiny 2: The Witch Queen,2022,20222022TT,Action,8.9,102,United States,Bungie Studios
Achtung Banditen?!,2022,20222022,History,8.9,31,Italy,RedMagicBlue
Fallout: New Vegas,2010,20102010MM,ActionAdventureSci-Fi,8.9,12K,United States,Obsidian Entertainment
Super Mario Galaxy 2,2010,20102010EE,ActionAdventureFamily,8.9,2.5K,Japan,Nintendo Entertainment Analysis and Development (EAD) (I)
Rogue Legacy 2,2022,20222022E10+E10+,ActionAdventure,8.9,7,Canada,Cellar Door Games
Death Stranding Director's Cut,2021,20212021MM,ActionAdventureDrama,8.9,270,Japan,Kojima Productions
Mass Effect 2: Lair of the Shadow Broker,2010,20102010MM,ActionAdventureSci-Fi,8.9,68,Canada,Bioware
Cuphead: The Delicious Last Course,2022,20222022E10+E10+,AnimationActionAdventure,8.9,110,Canada,Studio MDHR
Age of Empires II: Definitive Edition,2019,20192019,Adventure,8.9,110,United States,Forgotten Empires
Dark Souls III: The Ringed City,2017,20172017,ActionAdventureFantasy,8.9,287,Japan,From Software
Cookie Run: Ovenbreak,2016,20162016EE,AnimationActionAdventure,8.9,9,South Korea,Devsisters
Blaseball,2020,20202020,HorrorSport,8.9,9,United States,The Game Band
Metal Gear Solid: The Legacy Collection,2013,20132013,,8.9,34,Japan,
Metroid Prime: Trilogy,2009,20092009TT,ActionAdventureMystery,8.9,35,Japan,
Dark Souls Trilogy,2018,20182018MM,ActionAdventureFantasy,8.9,95,Japan,
Forza Horizon 4: Best of Bond,2018,20182018,AnimationActionAdventure,8.9,16,United Kingdom,Microsoft Studios
Boneworks,2019,20192019MM,ActionAdventureSci-Fi,8.9,79,United States,Stress Level Zero
ZS Dead Detective - Pumpkin Dead,2019,20192019,Mystery,8.9,7,Italy,Armor Games
Sherlock: The Network,2014,20142014,Crime,8.9,101,United Kingdom,The Project Factory
The Stanley Parable: Ultra Deluxe,2022,20222022,AdventureComedyFantasy,8.9,166,United States,Crows Crows Crows
Persona 3,2006,20062006MM,ActionAdventureFantasy,8.9,787,Japan,Atlus
Gothic,2001,20012001,ActionAdventureFantasy,8.9,770,Germany,Piranha Bytes
Grand Theft Auto IV,2008,20082008MM,ActionCrimeDrama,8.9,34K,United Kingdom,Rockstar North
The Warriors,2005,20052005MM,ActionCrimeThriller,8.9,1.9K,Canada,Rockstar Toronto
Star Wars: Knights of the Old Republic II - The Sith Lords,2004,20042004TT,ActionAdventureDrama,8.9,5.1K,United States,Obsidian Entertainment
Quest for Glory I: So You Want to Be a Hero,1989,19891989,AdventureFantasy,8.9,116,United States,Sierra Entertainment
Warcraft III: The Frozen Throne,2003,20032003,ActionAdventureFantasy,8.9,3.4K,United States,
Metal Gear Solid: The Twin Snakes,2004,20042004MM,ActionAdventureDrama,8.9,1.6K,Japan,Silicon Knights
Eternal Darkness: Sanity's Requiem,2002,20022002MM,AdventureFantasyHorror,8.9,785,Canada,Nintendo
Metroid Prime,2002,20022002TT,ActionAdventureMystery,8.9,2K,United States,GameCube
System Shock 2,1999,19991999MM,ActionAdventureHorror,8.9,1.1K,United States,Irrational Games
Arcanum: Of Steamworks and Magick Obscura,2001,20012001MM,AdventureDramaFantasy,8.9,404,United States,
Warcraft III: Reign of Chaos,2002,20022002,ActionAdventureFantasy,8.9,3.5K,United States,Blizzard Entertainment
Tenchi souzou,1995,19951995,AdventureFantasy,8.9,215,United Kingdom,Enix
Xenogears,1998,19981998TT,ActionAdventureFantasy,8.9,648,Japan,Square Company
Poketto monsutâ aka,1996,19961996EE,ActionAdventureFamily,8.9,2.5K,Japan,Creatures
Broken Sword: The Shadow of the Templars,1996,19961996,AdventureMysteryRomance,8.9,1.1K,United Kingdom,Revolution Software
Mother 2: Gîgu no gyakushuu,1994,19941994TT,AdventureComedyFantasy,8.9,1K,Japan,Ape
Civilization II,1996,19961996,History,8.9,924,United States,AWE Games
Bio Hazard,1996,19961996MM,ActionHorrorMystery,8.9,5.4K,Japan,Capcom Company
Super Mario Bros.,1985,19851985,ActionAdventureFantasy,8.9,6.2K,Japan,Nintendo Entertainment Analysis and Development (EAD) (I)
Titanic: Adventure Out of Time,1996,19961996TT,ActionAdventureMystery,8.9,307,United States,Cyberflix Inc.
The Pandora Directive,1996,19961996,ActionAdventureComedy,8.9,267,United States,Access Software Inc.
Baldur's Gate,1998,19981998TT,ActionAdventureFantasy,8.9,1.8K,United States,Bioware
Freelancer,2003,20032003,ActionAdventureMystery,8.9,519,Canada,Digital Anvil
Blade Runner,1997,19971997TT,MysterySci-FiThriller,8.9,1.9K,United States,Westwood Studios Inc.
Kirby's Extra Epic Yarn,2019,20192019EE,Adventure,8.8,104,Japan,Good-Feel Co.
World Cricket Championship 2,2015,20152015,Sport,8.8,6,India,Nextwave Multimedia
Nehrim: At Fate's Edge,2010,20102010,ActionAdventureFantasy,8.8,8,Germany,
D.I.R.T.: Origin of the Species,2006,20062006,ActionAdventureFantasy,8.8,7,United States,Generation Gamers Game
The Legend of Heroes: Trails of Cold Steel IV,2018,20182018,AdventureFantasy,8.8,43,Japan,Nihon Falcom Corporation
Sekiro: Shadows Die Twice,2019,20192019MM,ActionAdventureFantasy,8.8,3K,Japan,From Software
Highway Blossoms,2018,20182018,AdventureDramaRomance,8.8,19,United States,Studio Coattails
Gintama ranbu,2018,20182018,,8.8,13,Japan,
Hollow Knight,2017,20172017E10+E10+,ActionAdventureFantasy,8.8,2K,Australia,Team Cherry
Horizon Zero Dawn: The Frozen Wilds,2017,20172017TT,ActionAdventureMystery,8.8,1.8K,Netherlands,Guerrilla Games
Divinity: Original Sin II,2017,20172017MM,ActionAdventureFantasy,8.8,749,Belgium,Larian Studios
Umineko When They Cry,2007,20072007,FantasyHorrorMystery,8.8,92,Japan,07th Expansion
Zombies Chronicles,2017,20172017,Action,8.8,166,United States,Treyarch Invention
The Walking Dead: The Final Season,2018,20182018MM,DramaHorrorSci-Fi,8.8,2.4K,United States,Telltale Games
Shining the Holy Ark,1996,19961996K-AK-A,Action,8.8,7,Japan,Sonic! Software Planning
Enderal: The Shards of Order,2016,20162016,ActionAdventureFantasy,8.8,261,Germany,
Death Stranding,2019,20192019MM,ActionAdventureDrama,8.8,8K,Japan,Kojima Productions
Valkyria Chronicles 3: Unrecorded Chronicles,2011,20112011,ActionAdventureDrama,8.8,33,Japan,
Toaru majutsu to kagaku no pazudekkusu,2014,20142014,Action,8.8,5,Japan,Heroz
Lost Within,2015,20152015,Horror,8.8,6,United States,Amazon Game Studios
The Legend of Zelda: Twilight Princess HD,2016,20162016TT,ActionAdventureFantasy,8.8,577,Australia,Nintendo Entertainment Planning & Development (EPD)
Psychonauts 2,2021,20212021TT,ActionAdventureComedy,8.8,601,United States,Double Fine Productions Inc.
Undertale,2015,20152015E10+E10+,AdventureComedyDrama,8.8,3.3K,United States,tobyfox
NieR: Automata,2017,20172017MM,ActionAdventureDrama,8.8,2.8K,Japan,Platinum Games
Inside,2016,20162016MM,AdventureHorrorMystery,8.8,3.5K,Denmark,Playdead Studios
Team Umizoomi,2011,20112011,,8.8,5,United States,
Fire Emblem: Awakening,2012,20122012TT,ActionAdventureFantasy,8.8,931,Japan,Intelligent Systems
NCAA Football 14,2013,20132013,Sport,8.8,87,United States,EA Sports
Zeruda no densetsu: Kamigami no toraifôsu 2,2013,20132013EE,ActionAdventureFantasy,8.8,1.6K,Japan,Nintendo Entertainment Analysis and Development (EAD) (I)
Until Dawn,2015,20152015MM,HorrorMysteryThriller,8.8,14K,United Kingdom,Sony Computer Entertainment America
Kyokugen dasshutsu: adobencha zennin shibo desu,2012,20122012MM,AdventureMysterySci-Fi,8.8,245,Japan,Spike Chunsoft
Metal Gear Solid V: The Phantom Pain,2015,20152015MM,ActionAdventureDrama,8.8,7.4K,Japan,Kojima Productions
Star Rider,1984,19841984,Sci-FiSport,8.8,8,United States,Computer Creations
Gyakuten kenji 2,2011,20112011,AnimationMystery,8.8,91,Japan,Capcom Company
A-Cinema,2022,20222022,Short,8.8,9,Italy,RedMagicBlue
Wiedzmin 2: Zabójcy królów,2011,20112011MM,ActionAdventureDrama,8.8,5.4K,Poland,CD Projekt RED
BeamNG.drive,2013,20132013,ActionSport,8.8,11,Germany,BeamNG
Tomb Raider,2013,20132013MM,ActionAdventureFantasy,8.8,18K,United States,Crystal Dynamics
Kingdom Hearts: Final Mix,2002,20022002,Adventure,8.8,12,Japan,Square Enix Company
The Apocalypse,2022,20222022,AdventureHorror,8.8,5,United Kingdom,
Bad Ben,2021,20212021,ComedyHorror,8.8,6,United States,
Yuppie Psycho,2019,20192019MM,ActionAdventureHorror,8.8,5,France,Baroque Decay Games
Dead Space 2,2011,20112011MM,ActionHorrorSci-Fi,8.8,6.5K,United States,Visceral Games
Shining Force III,1997,19971997,Fantasy,8.8,5,Japan,Camelot Software Planning
Debiru samunâ: Kuzunoha Raidou tai Abadon'ou,2008,20082008MM,ActionAdventureFantasy,8.8,51,Japan,Atlus
Poketto monsutâ Sourushirubâ,2009,20092009EE,ActionAdventureFamily,8.8,832,Japan,Creatures
Poketto monsutâ Hâtogôrudo,2009,20092009EE,ActionAdventureFamily,8.8,868,Japan,Creatures
Heavy Rain,2010,20102010MM,CrimeDramaMystery,8.8,13K,France,Quantic Dream
Mortal Kombat 11: Ultimate,2020,20202020MM,ActionAdventureFantasy,8.8,66,United States,NetherRealm Studios
Metroid Dread,2021,20212021TT,ActionAdventureMystery,8.8,450,Japan,MercurySteam
Marvel's Guardians of the Galaxy,2021,20212021TT,ActionAdventureComedy,8.8,3.1K,Canada,Eidos Montreal
Ultrakill,2020,20202020MM,ActionAdventureFantasy,8.8,40,United States,Arsi Hakita Patala
Heroes of Might and Magic III: The Shadow of Death,2000,20002000,ActionAdventureFantasy,8.8,596,United States,New World Computing
Heroes of Might and Magic III: Armageddon's Blade,1999,19991999,ActionAdventureFantasy,8.8,590,United States,New World Computing
Call of Duty: Modern Warfare 2,2009,20092009MM,ActionThriller,8.8,23K,United States,Activision Blizzard
Final Fantasy XIV: Endwalker,2021,20212021TT,ActionAdventureFantasy,8.8,106,Japan,Square Enix Company
Kingudamu hâtsu: Bâsu bai surîpu,2010,20102010E10+E10+,ActionAdventureFamily,8.8,1.6K,Japan,Disney Interactive Japan
Kimi ga Shine: Tasuketsu Death Game,2017,20172017,AdventureHorrorMystery,8.8,31,Japan,Nankidai
Toca Life: World,2021,2021202125m,Animation,8.8,284,United States,Macpherson Pictures
Degrees of Lewdity,2020,20202020,,8.8,24,,
Dead Space,2008,20082008MM,ActionHorrorMystery,8.8,9.4K,United States,Electronic Arts (EA) Redwood Shores
Monkey Island 2: LeChuck's Revenge - Special Edition,2010,20102010,AdventureComedyFantasy,8.8,48,United States,LucasArts Entertainment Company
Densetsu no sutafî: Taiketsu! Daîru kaizokudan,2008,20082008EE,ActionAdventureFantasy,8.8,20,Japan,Tose
The Lighthouse Map,2020,20202020,HorrorMysteryThriller,8.8,9,Saudi Arabia,FarCry Arab
Stray,2022,20222022E10+E10+,AdventureSci-Fi,8.8,722,France,BlueTwelve Studio
World of Warcraft: Wrath of the Lich King,2008,20082008TT,ActionAdventureFantasy,8.8,2.2K,United States,Blizzard Entertainment
Quern - Undying Thoughts,2016,20162016,Adventure,8.8,5,Hungary,Zadbox Entertainment
Kimetsu no Yaiba: Hinokami Keppuutan,2021,20212021TT,ActionAdventureFantasy,8.8,795,Japan,Aniplex
Kamaitachi no yoru,1994,19941994,Adventure,8.8,11,Japan,Chun Soft
Raburaibu! Sukûru aidoru festibaru: Ôru sutâzu,2019,20192019,Music,8.8,15,Japan,Bushiroad
Medieval II: Total War,2006,20062006,ActionHistoryWar,8.8,1.2K,United States,Creative Assembly
Albedo,2019,20192019,Horror,8.8,12,Spain,Apestudio
Inazuma Irebun GO: Dark,2011,20112011,Sport,8.8,6,Japan,Level-5
Inazuma Irebun GO: Shine,2011,20112011,Sport,8.8,10,Japan,Level-5
Inazuma Irebun 2: Kyoui no Shinryakusha: Blizzard,2009,20092009,Sport,8.8,14,Japan,Level-5
StarCraft II: Wings of Liberty,2010,20102010TT,ActionAdventureSci-Fi,8.8,3.3K,United States,Blizzard Entertainment
The Godfather: The Don's Edition,2007,20072007,ActionCrimeDrama,8.8,311,United States,Electronic Arts (EA)
ArmA 3: Apex,2016,20162016,Action,8.8,14,United States,Bohemia Interactive Studio
Okami,2006,20062006TT,ActionAdventureFantasy,8.8,1.3K,Japan,Clover Studio Company
Half-Life 2: Episode One,2006,20062006MM,ActionAdventureSci-Fi,8.8,5.4K,United States,Valve
Halo 3,2007,20072007MM,ActionAdventureSci-Fi,8.8,12K,United States,Bungie Software
Star Wars: Battlefront II,2005,20052005TT,ActionAdventureSci-Fi,8.8,6.7K,United States,LucasArts Entertainment Company
Growlanser III: The Dual Darkness,2001,20012001,ActionAdventureDrama,8.8,33,Japan,Career Soft
Growlanser II: The Sense of Justice,2001,20012001TT,ActionAdventureDrama,8.8,40,Japan,Career Soft
Doragon kuesuto VIII: Sora no daichi to norowareshi himegimi,2004,20042004TT,ActionAdventureDrama,8.8,711,Japan,Armor Project
Ratchet & Clank: Up Your Arsenal,2004,20042004TT,ActionAdventureComedy,8.8,1.4K,United States,Insomniac Games
Hitman: Blood Money,2006,20062006MM,ActionCrimeMystery,8.8,5.5K,Denmark,Eidos Interactive
Master of Magic,1994,19941994,,8.8,52,United States,MicroProse Software Inc.
Age of Empires II: The Age of Kings,1999,19991999TT,ActionAdventureHistory,8.8,3.4K,United States,Ensemble Studios
Sly 2: Band of Thieves,2004,20042004EE,ActionAdventureComedy,8.8,1.1K,United States,Sucker Punch Productions
Sanitarium,1998,19981998TT,AdventureDramaHorror,8.8,446,United States,DreamForge Intertainment Inc.
Eternal Arcadia,2000,20002000TT,ActionAdventureFantasy,8.8,258,Japan,Overworks
The Elder Scrolls III: Morrowind,2002,20022002TT,ActionAdventureFantasy,8.8,3.4K,United States,Bethesda Game Studios
Poketto monsutâ kin,1999,19991999EE,ActionAdventureFantasy,8.8,1.6K,Japan,Creatures
Halo: Combat Evolved,2001,20012001MM,ActionAdventureMystery,8.8,11K,United States,Gearbox Software
Thief: The Dark Project,1998,19981998MM,AdventureCrimeFantasy,8.8,679,United States,Looking Glass Studios
Civilization,1991,19911991,History,8.8,703,United States,MicroProse Software Inc.
Conker's Bad Fur Day,2001,20012001MM,ActionAdventureComedy,8.8,1.4K,United Kingdom,Nintendo
Undying,2001,20012001MM,ActionHorrorMystery,8.8,922,United States,DreamWorks Interactive
The Operative: No One Lives Forever,2000,20002000TT,ActionAdventureComedy,8.8,629,United States,Monolith Productions
Snatcher CD-ROMantic,1992,19921992,ActionMysterySci-Fi,8.8,154,Japan,Konami
Fainaru fantajî IX,2000,20002000TT,ActionAdventureFantasy,8.8,4.8K,Japan,Square Company
Thief II: The Metal Age,2000,20002000MM,AdventureCrimeFantasy,8.8,495,United States,Looking Glass Studios
Poketto monsutâ gin,1999,19991999EE,ActionAdventureFantasy,8.8,1K,Japan,Creatures
Quest for Glory IV: Shadows of Darkness,1994,19941994,AdventureFantasy,8.8,200,Canada,Sierra Entertainment
Sam and Max Hit the Road,1993,19931993TT,AdventureComedyMystery,8.8,1K,United States,LucasArts Entertainment Company
Crash Bandicoot: Warped,1998,19981998EE,ActionAdventureComedy,8.8,2.5K,United States,Naughty Dog
Freespace,1998,19981998,ActionSci-Fi,8.8,131,United States,
The Last Express,1997,19971997TT,CrimeDramaMystery,8.8,253,United States,Outpost Studios
Wing Commander IV: The Price of Freedom,1995,19951995,ActionAdventureSci-Fi,8.8,774,United States,Origin Systems
Wing Commander III: Heart of the Tiger,1994,19941994TT,ActionAdventureSci-Fi,8.8,792,United States,Origin Systems
Steins;Gate Elite,2018,20182018,ComedyDramaRomance,8.7,114,Japan,5pb.
Avo,2019,20192019,Adventure,8.7,15,United Kingdom,Playdeo
Oddmar,2018,20182018,Adventure,8.7,17,United States,Senri
Ryuu ga gotoku: Kiwami 2,2017,20172017MM,ActionCrimeDrama,8.7,615,Japan,Ryu Ga Gotoku Studio
XCOM 2: War of the Chosen,2017,20172017,ActionSci-FiThriller,8.7,303,United States,Firaxis Games Inc.
Emerald City Confidential,2009,20092009,,8.7,83,United States,Wadjet Eye
Sûpâ robotto taisen V,2017,20172017,ActionSci-Fi,8.7,7,Japan,B.B. Studio
Shin Megami Tensei V,2021,20212021MM,ActionAdventureFantasy,8.7,81,Japan,Atlus
Mario Kart 8 Deluxe,2017,20172017EE,FantasySport,8.7,2.6K,Japan,Nintendo Entertainment Planning & Development (EPD)
Off,2008,20082008,ActionFantasyMystery,8.7,25,Belgium,
Juusan kihei boueiken,2019,20192019TT,ActionAdventureDrama,8.7,140,Japan,Vanilla Ware
Hill Street Blues,1991,19911991,Crime,8.7,19,United Kingdom,Krisalis Software
Steins;Gate,2009,20092009MM,ComedyDramaRomance,8.7,348,Japan,5pb.
Deus Ex: Human Revolution - Director's Cut,2013,20132013,ActionAdventureDrama,8.7,160,Canada,Eidos Montreal
Resident Evil HD Remaster,2015,20152015MM,ActionHorrorMystery,8.7,1.6K,Japan,Capcom Company
Downfall,2016,20162016MM,DramaHorrorMystery,8.7,69,United Kingdom,Harvester Games
StarCraft II: Legacy of the Void,2015,20152015,ActionAdventureSci-Fi,8.7,943,United States,Blizzard Entertainment
Hellblade: Senua's Sacrifice,2017,20172017MM,ActionAdventureDrama,8.7,3.6K,United Kingdom,Ninja Theory
Ori and the Blind Forest,2015,20152015EE,AdventureFantasy,8.7,2K,Austria,Moon Studios
What Remains of Edith Finch,2017,20172017TT,AdventureDramaMystery,8.7,3.2K,United States,Giant Sparrow
BioShock Infinite: Burial at Sea - Episode One,2013,20132013MM,ActionAdventureMystery,8.7,2K,United States,Irrational Games
Grim Fandango: Remastered,2015,20152015TT,AdventureComedyCrime,8.7,991,United States,Disney Interactive
Alien: Isolation,2014,20142014MM,HorrorSci-FiThriller,8.7,5.4K,United Kingdom,Creative Assembly
The Walking Dead: The Game - Season 2,2013,20132013MM,DramaHorrorThriller,8.7,7.1K,United States,Telltale Games
Gyakuten saiban 3,2004,20042004TT,ComedyCrimeDrama,8.7,292,Japan,Capcom Company
Assassin's Creed IV: Black Flag,2013,20132013MM,ActionAdventureHistory,8.7,17K,Canada,Ubisoft Annecy
Borderlands 2,2012,20122012MM,ActionAdventureComedy,8.7,6.3K,United States,Gearbox Software
StarCraft II: Heart of the Swarm,2013,20132013,ActionAdventureSci-Fi,8.7,1.6K,United States,Blizzard Entertainment
Overclocked - Eine Geschichte über Gewalt,2007,20072007,MysteryThriller,8.7,73,Germany,House of Tales
Super Mario Advance 4: Super Mario Bros. 3,2003,20032003EE,ActionAdventureFamily,8.7,15,Japan,Nintendo R&D2
BUZZ! Junior: Jungle Party,2006,20062006,Family,8.7,23,United Kingdom,Magenta Software
L.A. Noire,2011,20112011MM,ActionCrimeDrama,8.7,15K,Australia,Team Bondi
Twisted-Wonderland,2020,20202020,ActionAdventureFantasy,8.7,6,Japan,Aniplex
Assassin's Creed: Brotherhood,2010,20102010MM,ActionAdventureHistory,8.7,15K,Canada,Ubisoft Annecy
Project Zomboid,2013,20132013MM,AdventureHorror,8.7,23,Canada,The Indie Stone
Outer Wilds: Echoes of the Eye,2021,20212021,AdventureMysterySci-Fi,8.7,52,United States,Mobius Digital
MVP Baseball 2005,2005,20052005,Sport,8.7,53,United States,EA Sports
Enderal: Forgotten Stories,2019,20192019,ActionAdventureFantasy,8.7,13,Germany,SureAI
Metal Gear Solid V: The Definitive Experience,2016,20162016MM,ActionAdventureDrama,8.7,37,Japan,Kojima Productions
Mass Effect 3: Leviathan,2012,20122012MM,ActionAdventureSci-Fi,8.7,72,Canada,Bioware
Demon's Souls,2009,20092009MM,ActionAdventureFantasy,8.7,1.4K,Japan,From Software
Devil May Cry 3: Special Edition,2006,20062006MM,ActionAdventureFantasy,8.7,34,Japan,Capcom Company
Beyblade G-Revolution,2004,20042004EE,Action,8.7,6,,
Pavlov VR,2017,20172017,Action,8.7,10,United States,
Forza Horizon 5,2021,20212021EE,ActionAdventureCrime,8.7,797,United Kingdom,Playground Games
Lost Judgment,2021,20212021MM,ActionComedyCrime,8.7,207,Japan,Ryu Ga Gotoku Studio
Wandersong,2018,20182018E10+E10+,AdventureMusicMusical,8.7,15,United States,Greg Lobanov
The Binding of Isaac: Repentance,2021,20212021MM,ActionAdventureFantasy,8.7,73,United States,Nicalis
Cruelty Squad,2021,20212021,ActionAdventureCrime,8.7,22,Finland,Consumer Softproducts
Meitantei Conan: Tsuioku no Mirajiyu,2007,20072007,Mystery,8.7,14,Japan,Marvelous Entertainment
Reiton kyôju to saigo no jikan ryokô,2008,20082008E10+E10+,AdventureFantasy,8.7,237,Japan,Level-5
Super Mario 3D World + Bowser's Fury,2021,20212021EE,ActionAdventureFantasy,8.7,518,United States,Nintendo Entertainment Planning & Development (EPD)
Smugglers of Cygnus: Cygnus Pizza Race,2020,20202020,Action,8.7,11,United States,Longplay Games
Gears of War 2,2008,20082008MM,ActionSci-FiWar,8.7,5.5K,United States,Epic Games
Little Nightmares II,2021,20212021TT,AdventureHorror,8.7,1.2K,Sweden,Tarsier Studios
She Will Punish Them,2020,20202020,ActionFantasy,8.7,34,China,L2 Game Studios
History Adventures: Revolutions & Industrialization,2020,20202020,History,8.7,31,Qatar,Spencer Striker Digital Media
Demon's Souls,2020,20202020MM,ActionAdventureFantasy,8.7,862,Japan,Bluepoint Games
Resident Evil Village,2021,20212021MM,ActionAdventureDrama,8.7,4.6K,Japan,Capcom Company
Super Dragon Ball Heroes: World Mission,2019,20192019TT,,8.7,12,,
Ponkotsu roman daikatsugeki Banpi Torotto,2005,20052005TT,ActionAdventureDrama,8.7,81,Japan,Irem
Tony Hawk's Pro Skater 1 + 2,2020,20202020TT,Sport,8.7,348,United States,Vicarious Visions
Dragon Ball Z: Sparking! Meteor,2007,20072007TT,ActionAdventureComedy,8.7,850,United States,Bandai Visual Company
Lego Star Wars: The Complete Saga,2007,20072007E10+E10+,ActionAdventureComedy,8.7,4.2K,United Kingdom,LEGO
Candle,2016,20162016,Adventure,8.7,6,Spain,Teku Studios
Demons Vs Fairyland,2016,20162016,Adventure,8.7,7,,
Pixel Ripped 1995,2020,20202020E10+E10+5h,AnimationActionAdventure,8.7,22,Brazil,Arvore Immersive Experiences
Ryu ga gotoku 7: Hikari to yami no yukue,2020,20202020MM,ActionComedyCrime,8.7,504,Japan,Ryu Ga Gotoku Studio
Xenoblade Chronicles: Definitive Edition,2020,20202020TT,ActionAdventureFantasy,8.7,195,,Monolith Soft
Outer Wilds,2019,20192019,AdventureMysterySci-Fi,8.7,469,United States,Mobius Digital
El Chavo Kart,2014,20142014E10+E10+,AnimationAdventureComedy,8.7,18,,Televisa Home Entertainment
Blush Blush,2019,20192019,ComedyRomance,8.7,7,Canada,Sad Panda Studios
Paraworld,2006,20062006,Fantasy,8.7,41,Germany,Sunflowers
Dairantô Sumasshu Burazâzu ekkusu,2008,20082008TT,ActionAdventureFantasy,8.7,4.7K,Japan,Sora
Football Manager 2007,2006,20062006,Sport,8.7,275,United Kingdom,Sega
Ultima V: Lazarus,2005,20052005,Fantasy,8.7,49,United States,Team Lazarus
Original War,2001,20012001TT,War,8.7,21,Czech Republic,Altar Interactive
Minna daisuki katamari damashii,2005,20052005EE,ActionFantasy,8.7,176,Japan,Namco
Darwinia,2005,20052005,Adventure,8.7,38,United Kingdom,Introversion Software Limited
Poketto Monsutâ Emerarudo,2004,20042004EE,ActionAdventureFantasy,8.7,1.3K,Japan,
Homeworld,1999,19991999E10+E10+,ActionAdventureDrama,8.7,297,Canada,Relic Entertainment
StarLancer,2000,20002000,ActionAdventureSci-Fi,8.7,56,United States,Digital Anvil
Pajama Sam: No Need to Hide When It's Dark Outside,1996,19961996,AdventureComedyFamily,8.7,182,United States,Humongous Entertainment
Need for Speed: Most Wanted,2005,20052005TT,ActionCrimeSport,8.7,6.9K,Canada,Electronic Arts (EA)
Super Solvers: Gizmos & Gadgets!,1993,19931993,ActionAdventureFamily,8.7,10,United States,The Learning Company
TimeSplitters: Future Perfect,2005,20052005MM,ActionAdventureSci-Fi,8.7,809,United Kingdom,Free Radical Design
Star Control II,1992,19921992,AdventureSci-Fi,8.7,104,United States,Toys For Bob
Shadow Hearts II,2004,20042004TT,ActionAdventureFantasy,8.7,179,Japan,Nautilus
Poketto monsutâ faiareddo,2004,20042004EE,ActionAdventureFantasy,8.7,1.3K,Japan,Creatures
The Lord of the Rings: The Battle for Middle-Earth,2004,20042004,ActionAdventureFantasy,8.7,1.9K,United States,Electronic Arts (EA)
Ico,2001,20012001TT,AdventureDramaFantasy,8.7,1.7K,Japan,Sony Computer Entertainment
Anvil of Dawn,1995,19951995,Fantasy,8.7,12,United States,New World Computing
Psychonauts,2005,20052005TT,ActionAdventureComedy,8.7,1.7K,United States,Double Fine Productions Inc.
Azel: Panzer Dragoon RPG,1998,19981998,Adventure,8.7,142,Japan,Team Andromeda
Zero: Akai chou,2003,20032003MM,HorrorMystery,8.7,601,Japan,Tecmo
Rome: Total War,2004,20042004TT,ActionAdventureHistory,8.7,1.7K,United Kingdom,Creative Assembly
Halo 2,2004,20042004MM,ActionAdventureSci-Fi,8.7,9.5K,United States,Bungie Software
Silent Hill 3,2003,20032003MM,DramaHorrorMystery,8.7,3.7K,Japan,Konami Computer Entertainment
Septerra Core: Legacy of the Creator,1999,19991999,AdventureFantasySci-Fi,8.7,71,United States,
Majestic,2001,20012001,AdventureThriller,8.7,19,United States,Anim-X
The Journeyman Project 3: Legacy of Time,1998,19981998K-AK-A,AdventureSci-Fi,8.7,91,United States,Presto Studios
Freespace 2,1999,19991999,ActionSci-Fi,8.7,258,United States,Interplay Entertainment
Poketto Monsutaa Kurisutaru,2000,20002000EE,ActionAdventureFantasy,8.7,977,Japan,Creatures
Grand Theft Auto III,2001,20012001MM,ActionCrimeDrama,8.7,16K,United Kingdom,Rockstar North
Super Mario RPG: Legend of the Seven Stars,1996,19961996EE,ActionAdventureFantasy,8.7,1.4K,Japan,Nintendo
Perfect Dark,2000,20002000,ActionAdventureSci-Fi,8.7,1.5K,United Kingdom,Rare
Astron Belt,1983,19831983,ActionAdventureSci-Fi,8.7,10,Japan,Sega Enterprises
Alice,2000,20002000MM,ActionAdventureFantasy,8.7,1.5K,United States,Electronic Arts (EA)
Strike Commander,1993,19931993,Action,8.7,49,United States,Origin Systems
Mario Kart 64,1996,19961996K-AK-A,ActionFamilyFantasy,8.7,3.1K,Japan,Nintendo Entertainment Analysis and Development (EAD) (I)
Ultima VII: The Black Gate,1992,19921992,AdventureFantasy,8.7,122,United States,Origin Systems
Poketto monsutâ Pikachû,1998,19981998EE,ActionAdventureFantasy,8.7,1.5K,Japan,Creatures
Poketto monsutâ ao,1996,19961996EE,ActionAdventureFamily,8.7,1.1K,Japan,Creatures
Fainaru fantajî VIII,1999,19991999TT,ActionAdventureFantasy,8.7,5.8K,Japan,Square Company
The Hyrule fantasy: Zeruda no densetsu,1986,19861986EE,ActionAdventureFantasy,8.7,2.9K,Japan,Nintendo Entertainment Analysis and Development (EAD) (I)
Lands of Lore: The Throne of Chaos,1994,19941994,AdventureFantasy,8.7,125,United States,Westwood Studios Inc.
Riven: The Sequel to Myst,1997,19971997EE,AdventureFantasyMystery,8.7,502,United States,Cyan Inc.
Toonstruck,1996,19961996TT,AdventureComedy,8.7,347,United Kingdom,Burst
Cinderella Phenomenon,2017,20172017,FantasyRomance,8.6,9,United Kingdom,
Return of the Obra Dinn,2018,20182018MM,FantasyMystery,8.6,314,United States,3909
True Fear: Forsaken Souls Part 2,2018,20182018,DramaHorrorMystery,8.6,17,United States,Goblinz
The Elder Scrolls V: Skyrim Mod - Wyrmstooth,2011,20112011MM,ActionAdventureFantasy,8.6,15,Australia,
Hagane no Renkinjutsushi: Fullmetal Alchemist - Yakusoku no Hi e,2010,20102010,ActionAdventure,8.6,7,Japan,Crafts & Meister
Steins;Gate: Senkei Kousoku no Phenogram,2013,20132013MM,AdventureSci-Fi,8.6,45,Japan,5pb.
Forza Horizon 4,2018,20182018EE,ActionAdventureCrime,8.6,1.4K,United Kingdom,Playground Games
Doom Eternal,2020,20202020MM,ActionAdventureFantasy,8.6,2.8K,United States,id Software
Shenmue I & II,2018,20182018TT,ActionAdventureCrime,8.6,137,,D3t
Spyro Reignited Trilogy,2018,20182018E10+E10+,AnimationActionAdventure,8.6,1.1K,United States,Squeeze Studio Animation
Celeste,2018,20182018EE,ActionAdventureComedy,8.6,1K,United States,Matt Makes Games
Finding Paradise,2017,20172017,AdventureDramaSci-Fi,8.6,182,United States,Freebird Games
I Expect You To Die,2016,20162016E10+E10+,Action,8.6,38,United States,Schell Games
Touhou Koumakyou: the Embodiment of Scarlet Devil,2002,20022002,ActionAdventureFantasy,8.6,33,Japan,Team Shanghai Alice
OneShot,2016,20162016,AdventureDramaFantasy,8.6,86,,Future Cat
The Scooby-Doo Monsters Unleashed Challenge,2004,20042004,AdventureComedyFamily,8.6,10,United States,Warner Bros. Family Entertainment
Total War: Warhammer II,2017,20172017TT,ActionAdventureFantasy,8.6,285,United Kingdom,Creative Assembly
The House in Fata Morgana,2012,20122012MM,Drama,8.6,63,Japan,
Lone Echo,2017,20172017,AdventureSci-Fi,8.6,57,United States,Oculus VR
The Unholy War,1998,19981998,ActionFantasySci-Fi,8.6,9,United States,Crystal Dynamics
Rajianto hisutoria,2010,20102010,AdventureFantasySci-Fi,8.6,10,Japan,
Battle Realms,2001,20012001,ActionAdventureFantasy,8.6,24,United States,Liquid Entertainment
Sword Art Online: Infinity Moment,2013,20132013,ActionAdventureFantasy,8.6,21,Japan,Aquiria
The Adventures of Batman & Robin,1995,19951995K-AK-A,ActionCrime,8.6,15,United States,Clockwork Tortoise
Forza Horizon 3,2016,20162016EE,ActionAdventureCrime,8.6,848,United Kingdom,Playground Games
Dai Gyakuten Saiban: Naruhodou Ryuunosuke no Bouken,2015,20152015,Mystery,8.6,59,Japan,Capcom Company
The Last Door: Season One,2013,20132013,AdventureHorrorMystery,8.6,120,Spain,The Game Kitchen
Steins;Gate 0,2015,20152015MM,ComedyDramaMystery,8.6,187,Japan,5pb.
Danganronpa 2: Goodbye Despair,2012,20122012MM,AdventureMysteryThriller,8.6,636,Japan,Spike Chunsoft
Bandori! Gâruzu bando pâtî,2017,20172017,Music,8.6,19,Japan,Craft Egg
LUNAR: Silver Star Story Complete,1999,19991999TT,ActionAdventureComedy,8.6,37,United States,Working Designs
Rune Factory 3: A Fantasy Harvest Moon,2009,20092009EE,,8.6,9,Japan,Neverland Company
Hatsune Miku: Project Diva F,2012,20122012TT,AdventureMusicMusical,8.6,65,Japan,Dingo (II)
Aliens vs. Pinball,2016,20162016E10+E10+,ActionSci-Fi,8.6,99,United States,Zen Studios
Injustice 2,2017,20172017TT,ActionAdventureFantasy,8.6,3.9K,United States,DC Entertainment
The 13th Doll,2018,20182018,HorrorThriller,8.6,7,United States,Attic Door Productions
Asagao Academy: Normal Boots Club,2016,20162016,Romance,8.6,43,United States,Illus Seed
Doragon kuesuto XI: Sugisarishi toki o motomete,2017,20172017TT,AdventureFamilyFantasy,8.6,491,Japan,Armor Project
Wallace & Gromit Fun Pack,1996,19961996,AdventureComedyFamily,8.6,8,United Kingdom,Inner Workings
Shardlight,2016,20162016,AdventureSci-Fi,8.6,104,United States,Wadjet Eye
The Last Stand: Union City,2011,20112011,ActionAdventureHorror,8.6,15,,
Cyber City Oedo 808,1991,19911991,Action,8.6,17,Japan,NCS Corporation
XCOM: Enemy Within,2013,20132013MM,ActionSci-FiThriller,8.6,442,United States,Firaxis Games Inc.
Dragon Age: Inquisition - Trespasser,2015,20152015,ActionAdventureFantasy,8.6,403,United States,
Punky Skunk,1998,19981998,,8.6,29,Japan,Ukiyotei
Final Fantasy XIV: Heavensward,2015,20152015TT,ActionAdventureFantasy,8.6,174,Japan,Square Enix Company
GivingTales,2015,20152015,Family,8.6,43,Hungary,GivingTales Kft
X-Men Cartoon Maker,1996,19961996,Action,8.6,20,United States,Instinct Corporation
Cuphead,2017,20172017EE,AnimationActionAdventure,8.6,2.6K,Canada,Studio MDHR
Fallout 4,2015,20152015MM,ActionAdventureSci-Fi,8.6,13K,United States,Bethesda Game Studios
Rack N Ruin,2015,20152015,Adventure,8.6,8,United States,LifeSpark Entertainment
A Golden Wake,2014,20142014,,8.6,84,United States,Wadjet Eye
NyxQuest: Kindred Spirits,2009,20092009,Adventure,8.6,7,Spain,
To the Moon,2011,20112011TT,AdventureDramaMystery,8.6,733,Canada,Freebird Games
Dragon Age: Inquisition,2014,20142014MM,ActionAdventureFantasy,8.6,4.9K,Canada,Bioware
Resident Evil 7: Biohazard,2017,20172017MM,ActionHorrorMystery,8.6,7.5K,Japan,Capcom Company
Dejimon adobenchâ,2013,20132013,ActionAdventureSci-Fi,8.6,30,Japan,Bandai Namco Games
Mario Kart 8,2014,20142014EE,ActionFamilyFantasy,8.6,2.2K,Japan,Nintendo Entertainment Analysis and Development (EAD) (I)
Star Wars Pinball,2013,20132013E10+E10+,Sci-Fi,8.6,83,United States,Zen Studios
Black Mesa,2012,20122012Not RatedNot Rated,ActionSci-FiThriller,8.6,689,United States,Black Mesa Modification Team
Medieval Moves: Deadmund's Quest,2011,20112011,Action,8.6,15,United States,San Diego Studios
Ni no Kuni: Wrath of the White Witch,2011,20112011E10+E10+,AdventureFantasy,8.6,862,Japan,Level-5
9mm,2011,20112011MM,ActionAdventureCrime,8.6,5,France,Gameloft
Bayonetta 2,2014,20142014MM,ActionAdventureFantasy,8.6,609,Japan,Platinum Games
The Cat Lady,2012,20122012,DramaHorrorMystery,8.6,261,United Kingdom,Harvester Games
Parodiusu Da! Shinwa kara Owaraihe,1990,19901990,ActionComedyFamily,8.6,49,Japan,Konami Industries
Otomediusu X,2011,20112011TT,ActionAdventureFantasy,8.6,55,Japan,Konami Computer Entertainment
Mystery Case Files: Escape from Ravenhearst,2011,20112011,Mystery,8.6,22,United States,Big Fish Games
Kyokugen dasshutsu: 9-jikan 9-nin 9 no tobira,2009,20092009MM,AdventureHorrorSci-Fi,8.6,265,Japan,Chun Soft
Gô bakêshon,2011,20112011EE,FamilySport,8.6,28,Japan,
Salt and Sacrifice,2022,20222022,Action,8.6,5,United States,Ska Studios
Zero Escape: The Nonary Games,2017,20172017MM,ActionAdventureHorror,8.6,17,Japan,Spike Chunsoft
People Playground,2019,20192019,Comedy,8.6,13,Netherlands,Studio Minus
Journey,2012,20122012EE,AdventureFantasy,8.6,3.6K,United States,ThatGameCompany
Saturday Night Fever,2008,20082008,Action,8.6,9,Japan,Paramount Pictures Digital Entertainment
Marvel Pinball,2010,20102010,Action,8.6,89,United States,Resnick Interactive Development
Halo: Reach,2010,20102010MM,ActionAdventureSci-Fi,8.6,6.8K,United States,Bungie Software
RimWorld,2013,20132013MM,AdventureSci-Fi,8.6,18,Canada,
Batman - The Telltale Series Shadow Mode,2016,20162016,,8.6,7,,
Ghostbusters: Afterlife ScARe,2021,20212021,Sci-Fi,8.6,68,United States,Ghostcorps
Kid A Mnesia Exhibition,2021,20212021,Music,8.6,32,United Kingdom,
Kero Blaster,2014,20142014EE,ActionAdventureFantasy,8.6,5,Japan,Studio Pixel
Ultra Custom Night,2020,20202020,Horror,8.6,17,Poland,
Before Your Eyes,2021,20212021,Drama,8.6,66,United States,GoodbyeWorld Games
Wizard101,2008,20082008E10+E10+,ActionAdventureFantasy,8.6,126,United States,KingsIsle Entertainment
Afraid of Monsters,2005,20052005,Horror,8.6,5,Sweden,Team Psykskallar
Age of Empires III: Definitive Edition,2020,20202020,AdventureHistoryWar,8.6,15,United States,Forgotten Empires
Devil May Cry 5: Special Edition,2020,20202020MM,ActionAdventureFantasy,8.6,50,Japan,Capcom Company
Ready or Not,2021,20212021,ActionCrimeThriller,8.6,14,New Zealand,VOID Interactive
Shin Megami Tensei: Strange Journey,2009,20092009MM,ActionAdventureFantasy,8.6,64,Japan,Atlus
Hylics,2015,20152015,ActionAdventureFantasy,8.6,14,United States,
Summertime Saga,2019,20192019MM,AdventureFantasyRomance,8.6,27,France,Kompas Productions
Teardown,2020,20202020,ActionAdventureCrime,8.6,29,Sweden,Tuxedo Labs
Disgaea 3: Absence of Justice,2008,20082008TT,ActionAdventureComedy,8.6,51,Japan,Nippon Ichi Software
Grand Theft Auto IV: The Ballad of Gay Tony,2009,20092009MM,ActionCrimeDrama,8.6,4.6K,United Kingdom,Rockstar North
South of the Circle,2020,20202020,AdventureDrama,8.6,14,United Kingdom,
Max Payne 3,2012,20122012MM,ActionCrimeDrama,8.6,10K,Canada,Rockstar Vancouver
Evil Dead: The Game,2022,20222022MM,ActionFantasyHorror,8.6,216,United States,Saber Interactive
Dofus,2004,20042004,Adventure,8.6,13,France,Ankama
Murder House,2020,20202020MM,Horror,8.6,38,United States,Puppet Combo
Rûn fakutorî furontia,2008,20082008,,8.6,19,Japan,Neverland Company
Arknights,2020,20202020,ActionAdventureFantasy,8.6,24,United States,Hypergryph
Deus Ex: Human Revolution,2011,20112011MM,ActionAdventureDrama,8.6,5.6K,Canada,Eidos Interactive
The Secret of Monkey Island: Special Edition,2009,20092009E10+E10+,AdventureComedyFantasy,8.6,73,United States,LucasArts Entertainment Company
BTS Universe Story,2020,20202020,,8.6,13,South Korea,HYBE
The Yakuza Remastered Collection,2019,20192019,ActionAdventureDrama,8.6,38,Japan,Ryu Ga Gotoku Studio
Quest for Glory II: Trial by Fire,2008,20082008,Adventure,8.6,29,Australia,AGD Interactive LLC
Tokyo Dark,2017,20172017MM,AdventureHorrorMystery,8.6,5,Japan,Cherrymochi
Ryû ga gotoku 2,2006,20062006MM,ActionCrimeDrama,8.6,225,Japan,Ryu Ga Gotoku Studio
Culdcept Saga,2006,20062006TT,ActionAdventureDrama,8.6,9,Japan,Jamsworks Co.
Faith,2017,20172017,Horror,8.6,7,United States,Airdorf Games
NieR Replicant: ver.1.22474487139...,2021,20212021MM,ActionAdventureDrama,8.6,364,Japan,Square Enix Company
NCAA Basketball 10,2009,20092009,Sport,8.6,6,Canada,EA Sports
Company of Heroes: Opposing Fronts,2007,20072007,ActionWar,8.6,233,Canada,Relic Entertainment
The Legend of Kyrandia: The Hand of Fate,1993,19931993,AdventureFantasy,8.6,61,United States,Westwood Studios Inc.
Discovery Tour: Ancient Greece,2019,20192019E10+E10+,History,8.6,21,Canada,Ubisoft Montreal
Five Nights at Candy's Remastered,2019,20192019,Horror,8.6,21,United States,
Hype: The Time Quest,1999,19991999EE,AdventureDramaFantasy,8.6,52,Canada,Playmobil Interactive
Dijitaru debiru saaga: Abataaru teyuunaa 2,2005,20052005MM,ActionAdventureFantasy,8.6,81,Japan,Atlus
Debiru samanaa: Kuzunoha Raidou tai Chôriki Heidan,2006,20062006MM,ActionAdventureFantasy,8.6,76,Japan,Atlus
Not for Broadcast,2019,20192019,Drama,8.6,67,United Kingdom,
Monsutâ hantâ wârudo: Aisubôn,2019,20192019,ActionAdventureFantasy,8.6,85,Japan,
Mega Man Zero/ZX Legacy Collection,2020,20202020TT,ActionAdventureSci-Fi,8.6,16,Japan,Capcom Company
Sky: Children of the Light,2019,20192019,Adventure,8.6,77,United States,ThatGameCompany
AM2R: Return of Samus,2016,20162016E10+E10+,ActionAdventureMystery,8.6,21,Argentina,
Persona 3 Portable,2009,20092009MM,ActionAdventureFantasy,8.6,117,Japan,Atlus
Digital Combat Simulator World,2008,20082008,ActionAdventureWar,8.6,8,Russia,Eagle Dynamics
Factorio,2012,20122012,Adventure,8.6,98,Czech Republic,Wube Software
Faces of War,2006,20062006,ActionWar,8.6,73,,Best Way
World in Conflict,2007,20072007TT,ActionAdventureDrama,8.6,424,Sweden,Ubisoft Massive
Persian Gulf Inferno,1989,19891989,Action,8.6,7,United States,Magic Bytes
Bully,2006,20062006TT,ActionComedyDrama,8.6,5.2K,Canada,Rockstar Vancouver
QI: A Quite Interesting Game,2005,200520054h 37m,ComedyGame-Show,8.6,28,United Kingdom,TalkBack Productions
"Achtung, die Kurve!",1995,19951995,Family,8.6,30,Germany,Microsoft
The Lord of the Rings: The Battle for Middle-Earth II,2006,20062006,ActionAdventureFantasy,8.6,1.7K,United States,Electronic Arts (EA)
Sly 3: Honor Among Thieves,2005,20052005E10+E10+,ActionAdventureComedy,8.6,995,United States,Sony Computer Entertainment America
Civilization IV,2005,20052005E10+E10+,History,8.6,1.5K,United States,2K Games
Radiata Stories,2005,20052005TT,ActionComedyDrama,8.6,78,Japan,Tri-Ace Inc.
Quest for Glory I: So You Want to Be a Hero,1992,19921992,Adventure,8.6,100,United States,Sierra Entertainment
Prince of Persia: Warrior Within,2004,20042004MM,ActionAdventureFantasy,8.6,3.8K,Canada,Ubisoft Montreal
Ace Combat 5: The Unsung War,2004,20042004TT,ActionAdventureDrama,8.6,252,Japan,Namco
Katamari damashii,2004,20042004EE,ActionFantasy,8.6,352,Japan,Namco
Nancy Drew: Curse of Blackmoor Manor,2004,20042004EE,AdventureMystery,8.6,109,United States,Her Interactive Inc.
Rockman Zero 3,2004,20042004EE,ActionAdventureSci-Fi,8.6,111,Japan,Capcom Company
Splinter Cell: Chaos Theory,2005,20052005MM,ActionAdventureThriller,8.6,2.8K,Canada,Ubisoft Montreal
ESPN NFL 2K5,2004,20042004,ActionSport,8.6,137,United States,ESPN Videogames
Tales of Symphonia,2003,20032003TT,ActionAdventureDrama,8.6,705,Japan,Namco Tales Studio Ltd.
Desperados: Wanted Dead or Alive,2001,20012001,ActionAdventureWestern,8.6,228,Germany,Spellbound I
The Chronicles of Riddick: Escape from Butcher Bay,2004,20042004MM,ActionCrimeSci-Fi,8.6,3.2K,United States,Starbreeze Studios
Return of the Incredible Machines: Contraptions,2000,20002000,Adventure,8.6,6,United States,Sierra Entertainment
Call of Duty,2003,20032003TT,ActionAdventureWar,8.6,6.8K,United States,Activision
Dark Earth,1997,19971997,ActionFantasySci-Fi,8.6,46,France,Kalisto Entertainment
Twisted Metal 2: World Tour,1996,19961996TT,ActionCrimeFantasy,8.6,550,United States,SingleTrac Entertainment Technologies Inc.
Dreamfall: The Longest Journey,2006,20062006MM,AdventureDramaFantasy,8.6,1.2K,Norway,Funcom
Betrayal at Krondor,1993,19931993,Fantasy,8.6,80,United States,Dynamix
Frontier: Elite II,1993,19931993,ActionAdventureSci-Fi,8.6,47,United Kingdom,Konami
Atlantis: The Lost Tales,1997,19971997,AdventureFantasyMystery,8.6,50,France,Cryo Interactive Entertainment
Snatcher,1988,19881988TT,ActionMysterySci-Fi,8.6,242,Japan,Konami
No One Lives Forever 2: A Spy in H.A.R.M.'s Way,2002,20022002,ActionAdventureComedy,8.6,498,United States,Monolith Productions
Jet Set Radio Future,2002,20022002TT,ActionFamilySport,8.6,270,Japan,Smilebit Corporation
Jak and Daxter: The Precursor Legacy,2001,20012001E10+E10+,ActionAdventureComedy,8.6,1.9K,United States,Naughty Dog
Silent Bomber,1999,19991999TT,ActionAdventureMystery,8.6,21,Japan,Cyber Connect
Star Wars: Jedi Knight II - Jedi Outcast,2002,20022002TT,ActionAdventureFantasy,8.6,2.3K,United States,LucasArts Entertainment Company
Blue's Treasure Hunt,1999,19991999CECE,ComedyFamilyMusical,8.6,20,United States,Humongous Entertainment
Zeruda no densetsu: Yume o miru shima,1993,19931993EE,ActionAdventureFantasy,8.6,1.4K,Japan,Nintendo Entertainment Analysis and Development (EAD) (I)
Shivers II: Harvest of Souls,1997,19971997TT,AdventureHorrorMusic,8.6,41,United States,Sierra Entertainment
Quest for Glory V: Dragon Fire,1998,19981998,,8.6,81,United States,Sierra Entertainment
Doom,1993,19931993MM,ActionHorrorSci-Fi,8.6,4.9K,United States,David A. Palmer Productions
Lunar: The Silver Star,1992,19921992MA-13MA-13,ActionAdventureComedy,8.6,180,Japan,Game Arts Co.
Blade of Darkness,2001,20012001MM,ActionAdventureFantasy,8.6,125,Spain,Rebel Act Studios
Crash Team Racing,1999,19991999EE,ActionAdventureFamily,8.6,1.9K,United States,Naughty Dog
The Legend of Dragoon,1999,19991999TT,ActionAdventureFantasy,8.6,535,Japan,Sony Computer Entertainment
Vagrant Story,2000,20002000TT,ActionAdventureFantasy,8.6,358,Japan,Square Company
Command & Conquer: Red Alert 2,2000,20002000TT,ActionSci-FiWar,8.6,3K,United States,Westwood Studios Inc.
Dust: A Tale of the Wired West,1995,19951995,ActionAdventureFantasy,8.6,51,United States,Cyberflix Inc.
Donkey Kong Country 2: Diddy's Kong Quest,1995,19951995K-AK-A,ActionAdventure,8.6,1.7K,United Kingdom,Rare
Donkey Kong Country,1994,19941994K-AK-A1h 48m,ActionAdventureComedy,8.6,2.9K,United Kingdom,Rare
Chrono Cross,1999,19991999TT,ActionAdventureFantasy,8.6,930,Japan,Square Company
Privateer,1993,19931993,ActionAdventureSci-Fi,8.6,162,United States,Origin Systems
Ultima VII Part Two: Serpent Isle,1993,19931993,AdventureFantasy,8.6,74,United States,Origin Systems
Fainaru fantajî takutikkusu,1997,19971997TT,ActionAdventureFantasy,8.6,584,Japan,Square Company
Discworld Noir,1999,19991999,AdventureComedyCrime,8.6,257,United Kingdom,Perfect Entertainment
Resident Evil 3: Nemesis,1999,19991999MM,ActionHorrorSci-Fi,8.6,4.7K,Japan,Capcom Company
Full Throttle,1995,19951995,ActionAdventureCrime,8.6,1.6K,United States,LucasArts Entertainment Company
Dune II: The Building of a Dynasty,1992,19921992,ActionSci-FiWar,8.6,394,United States,Westwood Studios Inc.
Oddworld: Abe's Exoddus,1998,19981998TT,AdventureFantasySci-Fi,8.6,535,United States,GT Interactive Software
Under a Killing Moon,1994,19941994,AdventureComedyCrime,8.6,322,United States,Access Software Inc.
Star Wars: TIE Fighter,1994,19941994,ActionAdventureSci-Fi,8.6,442,United States,LucasArts Entertainment Company
"Gabriel Knight 3: Blood of the Sacred, Blood of the Damned",1999,19991999MM,AdventureDramaHorror,8.6,530,United States,
Beat Saber,2018,20182018,Music,8.5,275,Czech Republic,Beat Games
Marvel Powers United VR,2018,20182018TT,Action,8.5,12,United States,Sanzaru Games
King's Bounty: Armored Princess,2009,20092009,ActionAdventureFantasy,8.5,47,Russia,Katauri Interactive
Devil May Cry 5,2019,20192019MM,ActionAdventureFantasy,8.5,2K,Japan,Capcom Company
Assassin's Creed: Odyssey,2018,20182018MM,ActionAdventureFantasy,8.5,6.9K,Canada,Ubisoft Quebec
Attack on Titan 2,2018,20182018MM,ActionAdventureFantasy,8.5,499,Japan,Omega Force
Remothered (Prototype),2012,20122012,,8.5,18,Italy,Darril Arts
Invader Zim: In-Sanitation,2001,20012001,AdventureSci-Fi,8.5,7,United States,Shockwave
Batman: Arkham City Armored Edition,2012,20122012TT,ActionAdventureCrime,8.5,57,,
Shadow of the Colossus,2018,20182018TT,ActionAdventureDrama,8.5,2.3K,Japan,Bluepoint Games
Beyond Skyrim: Bruma,2017,20172017,Fantasy,8.5,33,United States,
The Room Tribute,2010,20102010,AdventureComedy,8.5,23,,Newgrounds
Blackwell Epiphany,2014,20142014,Adventure,8.5,140,United States,Wadjet Eye
Tales of Destiny,2006,20062006,AdventureFamilyFantasy,8.5,6,Japan,Namco
Assassin's Creed: Origins,2017,20172017MM,ActionAdventureFantasy,8.5,7.7K,Canada,Ubisoft Montreal
The Shivah,2006,20062006,,8.5,102,United States,Wadjet Eye
Resonance,2012,20122012,,8.5,88,United States,XII Games
Re: Zero kara hajimeru isekai seikatsu: Death or Kiss,2017,20172017,AdventureComedyFantasy,8.5,65,Japan,
Notes on Blindness,2016,20162016,,8.5,8,United Kingdom,ARTE
Ryuu ga gotoku 6: Inochi no uta,2016,20162016MM,ActionCrimeDrama,8.5,476,Japan,Ryu Ga Gotoku Studio
Uncharted: The Lost Legacy,2017,20172017TT,ActionAdventureMystery,8.5,7K,United States,Naughty Dog
The Last of Us: Part II,2020,20202020MM,ActionAdventureDrama,8.5,30K,United States,Naughty Dog
Crash Bandicoot N. Sane Trilogy,2017,20172017E10+E10+,AnimationActionAdventure,8.5,1.9K,United States,Vicarious Visions
Star Wars Jedi: Fallen Order,2019,20192019TT,ActionAdventureDrama,8.5,11K,United States,Respawn Entertainment
Stardew Valley,2016,20162016TT,AdventureFamilyFantasy,8.5,1.1K,United States,ConcernedApe
Hatsune Miku: Project Diva X,2016,20162016TT,ActionMusic,8.5,83,Japan,Dingo (II)
Call of Cthulhu: Shadow of the Comet,1993,19931993,FantasyHorrorMystery,8.5,104,France,Infogrames
Skyrim: Falskaar,2013,20132013,ActionAdventureFantasy,8.5,24,United States,Yatagan
Command & Conquer: Mental Omega,2016,20162016TT,ActionAdventureSci-Fi,8.5,12,United States,
Flying Tigers: Shadows Over China,2017,20172017MM,ActionAdventureHistory,8.5,20,Sweden,Ace Maddox
Fran Bow,2015,20152015TT,AdventureFantasyHorror,8.5,272,Sweden,Killmonday Games
The Elder Scrolls IV: Shivering Isles,2007,20072007,ActionAdventureFantasy,8.5,377,United States,Bethesda Game Studios
Kingdom Hearts HD 2.8 Final Chapter Prologue,2017,20172017E10+E10+,ActionAdventureFamily,8.5,524,Japan,Disney Interactive Japan
Street Fighter Anniversary Collection,2004,20042004TT,Action,8.5,70,Japan,Capcom Company
Civilization: Call to Power,1999,19991999,Sci-Fi,8.5,10,United States,Activision
Myth II: Soulblighter,1998,19981998,ActionAdventureFantasy,8.5,47,United States,Bungie Software
Katawa Shoujo,2012,20122012MM,DramaRomance,8.5,104,United States,Four Leaf Studios
Stronghold: Crusader,2002,20022002,AdventureHistoryWar,8.5,325,United Kingdom,Firefly Studios
The Talos Principle,2014,20142014,AdventureDramaMystery,8.5,492,,Croteam
Rise of the Tomb Raider,2015,20152015MM,ActionAdventureFantasy,8.5,9.3K,United States,Crystal Dynamics
Primordia,2012,20122012,AdventureSci-Fi,8.5,146,United States,Wormwood Studios
Titanfall 2,2016,20162016,ActionAdventureSci-Fi,8.5,3.7K,United States,Respawn Entertainment
The Mysterious Cities of Gold: Secret Paths,2013,20132013,Adventure,8.5,7,France,Blue Spirit Animation
Infinity Blade III,2013,20132013,Fantasy,8.5,118,United States,Chair Entertainment Group
Ryuu ga gotoku: Ishin!,2014,20142014,ActionDramaHistory,8.5,31,Japan,Ryu Ga Gotoku Studio
Soma,2015,20152015TT,HorrorMysterySci-Fi,8.5,1.8K,Sweden,Frictional Games
Call of Duty: Origins,2013,20132013,ActionHorrorThriller,8.5,468,United States,Treyarch Invention
Dragon Ball Z,1993,19931993,ActionSci-Fi,8.5,105,Japan,Banpresto
Super Mario 3D World,2013,20132013EE,ActionAdventureFamily,8.5,2.3K,Japan,Nintendo
Dairantou sumasshu burazâzu for Wii U,2014,20142014E10+E10+,ActionAdventureFantasy,8.5,1.7K,Japan,Bandai Namco Games
Pajama Sam 2: Thunder and Lightning Aren't So Frightening,1998,19981998,AdventureComedyFamily,8.5,80,United States,Humongous Entertainment
Zombie Panic: Source!,2007,20072007,Horror,8.5,14,Japan,
Fantajî raifu,2012,20122012E10+E10+,Adventure,8.5,29,Japan,Brownie Brown
Clannad,2004,20042004TT,DramaFantasy,8.5,83,Japan,Visual Art's/Key
Rasuto windou: Mayonaka no yakusoku,2010,20102010,CrimeDramaMystery,8.5,28,Japan,Cing
Age of Empires: The Age of Kings,2006,20062006,HistoryWar,8.5,945,Canada,Backbone Entertainment
Vampire Survivors,2021,20212021,ActionAdventureFantasy,8.5,10,United States,poncle
EA Sports Nascar 09,2008,20082008EE,Sport,8.5,51,United States,Electronic Arts (EA)
Minecraft,2009,20092009E10+E10+,ActionAdventureFamily,8.5,11K,Sweden,4J studios
Super Mario Bros. Deluxe,1999,19991999EE,ActionAdventureFamily,8.5,6,Japan,Nintendo Entertainment Planning & Development (EPD)
Civilization V,2010,20102010E10+E10+,History,8.5,1.8K,United States,Firaxis Games Inc.
Moss: Book II,2022,20222022E10+E10+,Adventure,8.5,11,United States,Polyarc
Fobia: St. Dinfna Hotel,2022,20222022,Horror,8.5,10,Brazil,Pulsatrix Studios
Street Fighter: 30th Anniversary Collection,2018,20182018TT,Action,8.5,28,Japan,Digital Eclipse
ESHQ,2018,20182018MM,ActionSci-Fi,8.5,6,Russia,
Sleeping Dogs: Definitive Edition,2014,20142014,ActionCrimeDrama,8.5,12,United States,United Front Games
Doom,2016,20162016MM,ActionHorrorSci-Fi,8.5,5.9K,United States,id Software
God of War: Ghost of Sparta,2010,20102010MM,ActionAdventureFantasy,8.5,2.3K,United States,Ready at Dawn Studios
Super Cars II,1991,19911991,Action,8.5,8,United Kingdom,Magnetic Fields
Nier Replicant,2010,20102010MM,ActionAdventureDrama,8.5,338,Japan,Cavia
S.T.A.L.K.E.R.: Call of Pripyat,2009,20092009,ActionAdventureHorror,8.5,498,Ukraine,GSC Game World
Gears of War 3,2011,20112011MM,ActionSci-FiWar,8.5,4.7K,United States,Epic Games
Mystery Case Files: Dire Grove,2009,20092009,AdventureFantasyMystery,8.5,33,United States,Thinklab
Inscryption,2021,20212021,AdventureHorror,8.5,100,Canada,Daniel Mullins Games
Drakensang - Am Fluss der Zeit,2010,20102010,ActionAdventureFantasy,8.5,110,Germany,Radon Labs
X3: Terran Conflict,2008,20082008,Sci-Fi,8.5,22,Germany,Egosoft
Ultima Underworld: The Stygian Abyss,1992,19921992,ActionAdventureFantasy,8.5,36,United States,Blue Sky Productions
Football Manager 2010,2009,20092009,Sport,8.5,144,United Kingdom,Sports Interactive
Hidden & Dangerous 2,2003,20032003,War,8.5,63,Czech Republic,Illusion Softworks
UnMetal,2021,20212021MM,ActionComedy,8.5,11,Spain,
Detention,2017,20172017MM,DramaHorrorMystery,8.5,30,Taiwan,Red Candle Games
Deadbolt,2016,20162016TT,ActionCrimeHorror,8.5,8,United States,Hopoo Games
Big Chungus,2018,20182018AOAO129h 37m,Action,8.5,13,United Kingdom,
Ratchet & Clank Future: A Crack in Time,2009,20092009E10+E10+,ActionAdventureComedy,8.5,1.1K,United States,Insomniac Games
Mystic Messenger,2016,20162016,,8.5,17,,
The Beatles: Rock Band,2009,20092009TT,BiographyFamilyMusic,8.5,445,United States,Curious Pictures
Pro Evolution Soccer,2001,20012001,Sport,8.5,14,Japan,Konami
Supreme Commander: Forged Alliance,2007,20072007,ActionSci-Fi,8.5,85,United States,Gas Powered Games
There Is No Game: Wrong Dimension,2020,20202020,AdventureComedy,8.5,66,France,
Outlast Trinity,2017,20172017MM,Horror,8.5,56,United States,
Are You Afraid of the Dark?: The Tale of Orpheo's Curse,1994,19941994,AdventureFantasyHorror,8.5,57,Canada,CINAR
428: Fûsa sareta Shibuya de,2008,20082008TT,DramaMysteryThriller,8.5,48,Japan,Chun Soft
Star Wars: The Old Republic,2011,20112011TT,ActionAdventureFantasy,8.5,3K,Canada,Bioware
Killer Bean Unleashed,2012,20122012E10+E10+,ActionAdventureSci-Fi,8.5,24,United States,Killer Bean Studios
The Henry Stickmin Collection,2020,20202020E10+E10+,AnimationActionComedy,8.5,315,United States,Innersloth Productions
Astro's Playroom,2020,20202020EE,AnimationAdventureComedy,8.5,988,United States,SIE Japan Studio
Whacked!,2002,20022002TT,AnimationActionAdventure,8.5,18,United States,Presto Studios
Hitman 3,2021,20212021MM,ActionCrimeMystery,8.5,1.1K,Denmark,IO Interactive
Spider-Man: Miles Morales,2020,20202020TT,ActionAdventureFantasy,8.5,5.5K,United States,Insomniac Games
Grand Theft Auto Trilogy,2005,20052005MM,ActionCrimeDrama,8.5,105,,Rockstar North
Far Cry Compilation,2013,20132013MM,Action,8.5,7,,
Subarashiki kono sekai,2007,20072007TT,ActionAdventureComedy,8.5,282,Japan,Jupiter
SiN: Wages of Sin,1999,19991999,ActionCrimeSci-Fi,8.5,7,United States,2015
Football Manager 2008,2007,20072007,Sport,8.5,170,United States,Sports Interactive
Thirstiest Time of the Year,2018,20182018,ComedyHorror,8.5,12,United States,
Suzumiya Haruhi no yakusoku,2007,20072007,,8.5,21,Japan,
Gurôransâ V: Generations,2006,20062006TT,ActionAdventureDrama,8.5,31,Japan,Career Soft
Just Shapes and Beats,2018,20182018E10+E10+,ActionAdventureComedy,8.5,38,Canada,Berzerk Studio
Shall We Date?: Obey Me!,2019,20192019,Romance,8.5,44,Japan,
Mafia II,2010,20102010MM,ActionCrimeDrama,8.5,10K,Czech Republic,D3t
Andâ naito inbâsu: Ekusereito Kure,2020,20202020,ActionFantasy,8.5,8,Japan,Ecole Software
Zombie Society - Dead Detective vs Nine Deaths Cat,2017,20172017,Mystery,8.5,6,Italy,Armor Games
Zombie Society - Dead Detective,2017,20172017,Mystery,8.5,6,Italy,Armor Games
Zombie Society Dead Detective - Walls Can Bleed,2017,20172017,Mystery,8.5,6,Italy,Armor Games
Zombie Society: Dead Detective - Brain Drain,2017,20172017,Mystery,8.5,6,Italy,Armor Games
Zombie Society Dead Detective - Roving Eyes,2018,20182018,Mystery,8.5,6,Italy,Armor Games
Wiedzmin,2007,20072007MM,ActionAdventureDrama,8.5,4.1K,Poland,CD Projekt RED
Knights of Honor,2004,20042004,,8.5,35,Bulgaria,Black Sea Films
Shin megami tensei III: Nocturne,2003,20032003MM,ActionAdventureFantasy,8.5,175,Japan,Atlus
Final fantasy tactics: Fainaru fantaji takuteikkusu - Shishi sensô,2007,20072007TT,Sci-Fi,8.5,188,Japan,Square Enix Company
Slaves to Armok: God of Blood Chapter II: Dwarf Fortress,2006,20062006,Fantasy,8.5,15,United States,Bay 12 Games
Laura's Happy Adventures,1998,19981998EE,AdventureFantasyRomance,8.5,14,Canada,Playmobil Interactive
Grand Poo World 2,2019,20192019,Adventure,8.5,8,United States,
The King's Gold,2019,20192019,Adventure,8.5,8,United Kingdom,Armor Games
Jumurdzsák gyürüje,2006,20062006,ActionAdventure,8.5,23,Hungary,
The Lord of the Rings: The Battle for Middle-earth II - The Rise of the Witch-king,2006,20062006,ActionAdventureFantasy,8.5,1.5K,United States,Electronic Arts (EA)
The Godfather: Blackhand Edition,2007,20072007MM,ActionAdventureCrime,8.5,176,United States,Electronic Arts (EA)
Connections,1996,19961996,AdventureHistoryMystery,8.5,12,United States,SOM Interactive
Etherlords II,2003,20032003,Action,8.5,66,,
Uncharted: Drake's Fortune,2007,20072007TT,ActionAdventureFantasy,8.5,20K,United States,Naughty Dog
LMA Manager 2007,2006,20062006,Sport,8.5,36,United Kingdom,Codemasters Software Company
Metroid Prime 3: Corruption,2007,20072007TT,ActionAdventureMystery,8.5,996,Japan,Nintendo Software Planning and Development (SPD)
World of Warcraft: The Burning Crusade,2007,20072007TT,ActionAdventureFantasy,8.5,2.2K,United States,Blizzard Entertainment
Ebaa Sebuntiin: The Out of Infinity,2002,20022002TT,AdventureComedyDrama,8.5,49,Japan,Kindle Imagine Develop (KID)
"Warhammer 40,000: Dawn of War - Dark Crusade",2006,20062006MM,ActionFantasySci-Fi,8.5,431,United States,Relic Entertainment
Company of Heroes,2006,20062006MM,ActionWar,8.5,813,Canada,Relic Entertainment
Silent Hunter III,2005,20052005TT,Action,8.5,60,Romania,Ubisoft Romania
Lost Odyssey,2007,20072007TT,ActionAdventureDrama,8.5,459,Japan,Mistwalker
Strategic Conquest,1990,19901990,ActionAdventure,8.5,28,United States,Delta
Mail Order Monster,1985,19851985,Adventure,8.5,18,United States,Electronic Arts (EA)
RollerCoaster Tycoon 2,2002,20022002EE,Adventure,8.5,399,United Kingdom,
World Games,1986,19861986,Sport,8.5,54,United States,Epyx Inc.
Krakout,1987,19871987,ActionFamily,8.5,38,United Kingdom,Gremlin Interactive
The Bizarre Adventures of Woodruff and the Schnibble,1994,19941994,,8.5,35,France,Coktel Vision
Gears of War,2006,20062006MM,ActionSci-FiWar,8.5,8.7K,United States,Epic Games
Hearts of Iron II,2005,20052005,HistoryWar,8.5,90,United States,Paradox Interactive
Close Combat: A Bridge Too Far,1997,19971997K-AK-A,ActionAdventure,8.5,32,United States,Atomic Games
Championship Manager 2000/01,2000,20002000,Sport,8.5,109,United Kingdom,Sports Interactive
Tiny Toon Adventures: Buster's Hidden Treasure,1993,19931993,Adventure,8.5,82,Japan,Konami
NCAA Football 06,2005,20052005EE,Sport,8.5,63,United States,
Prince of Persia: The Two Thrones,2005,20052005MM,ActionAdventureFantasy,8.5,3.4K,Canada,Ubisoft Montreal
Kuraishisu koa: Fainaru fantajî VII,2007,20072007TT,ActionAdventureFantasy,8.5,1.3K,Japan,Square Enix Company
Supremacy,1991,19911991,ActionAdventureHistory,8.5,32,United States,
Little Big Adventure,1994,19941994,Adventure,8.5,144,France,Adeline Software
Call of Duty 2,2005,20052005TT,ActionWar,8.5,6.7K,United States,Infinity Ward
Alan Wake,2010,20102010TT,ActionAdventureHorror,8.5,5.9K,Finland,Remedy Entertainment
Turrican II: The Final Fight,1991,19911991,ActionAdventureSci-Fi,8.5,76,Germany,Factor 5
Phantom Brave,2004,20042004TT,ActionAdventureFantasy,8.5,36,Japan,Nippon Ichi Software
Claw,1997,19971997EE,ActionAdventureComedy,8.5,203,United States,Monolith Productions
Warzone 2100,1999,19991999TT,ActionAdventure,8.5,46,United Kingdom,Pumpkin Studios
Dragon Ball Z: Budokai 3,2004,20042004TT,ActionFantasy,8.5,646,Japan,FUNimation Entertainment
Ultima Online,1997,19971997MM,AdventureFantasy,8.5,105,United States,Electronic Arts (EA)
Poketto Monsutâ Rîfugurîn,2004,20042004EE,ActionAdventureFantasy,8.5,920,Japan,Creatures
Jak 3,2004,20042004TT,ActionAdventureComedy,8.5,1.5K,United States,Naughty Dog
Robotech: Invasion,2004,20042004TT,ActionAdventureSci-Fi,8.5,50,United States,Vicious Cycle Software Inc.
Devil May Cry 3,2005,20052005MM,ActionAdventureFantasy,8.5,2.9K,Japan,Capcom Company
MegaRace,1994,19941994,ActionSci-FiSport,8.5,57,France,Cryo Interactive Entertainment
Myst IV: Revelation,2004,20042004TT,AdventureFantasyMystery,8.5,221,Canada,Ubisoft Montreal
Rogue Trip: Vacation 2012,1998,19981998,Action,8.5,31,United States,SingleTrac Entertainment Technologies Inc.
Hostile Waters,2001,20012001,ActionSci-Fi,8.5,48,United Kingdom,Rage Software PLC
Dark Age of Camelot,2001,20012001,AdventureFantasy,8.5,44,United States,Mythic Entertainment
Zeus: Master of Olympus,2000,20002000,Adventure,8.5,102,United States,Sierra Entertainment
Homeworld: Cataclysm,2000,20002000,ActionAdventureSci-Fi,8.5,72,United States,Barking Dog Studios
Nancy Drew: The Secret of Shadow Ranch,2004,20042004,AdventureMysteryRomance,8.5,110,United States,Her Interactive Inc.
Drakan: Order of the Flame,1999,19991999,ActionAdventureFantasy,8.5,70,United States,Surreal Software
Dûpurizumu,1999,19991999EE,ActionAdventureComedy,8.5,54,Japan,Square Company
Wolfenstein: Enemy Territory,2003,20032003MM,ActionAdventureWar,8.5,330,United States,Splash Damage
Jurassic Park: Operation Genesis,2003,20032003TT,ActionAdventureFamily,8.5,381,Australia,
Ratchet & Clank: Going Commando,2003,20032003TT,ActionAdventureComedy,8.5,1.3K,United States,Insomniac Games
Might and Magic VII: For Blood and Honor,1999,19991999TT,AdventureFantasySci-Fi,8.5,95,United States,New World Computing
Marathon,1994,19941994,ActionAdventureSci-Fi,8.5,83,United States,Bungie Software
Prince of Persia: The Sands of Time,2003,20032003TT,ActionAdventureFantasy,8.5,5K,Canada,Ubisoft Montreal
Jak II,2003,20032003TT,ActionAdventureComedy,8.5,1.5K,United States,Naughty Dog
Panzer Dragoon II Zwei,1996,19961996K-AK-A,Action,8.5,93,Japan,Team Andromeda
WWE SmackDown! Here Comes the Pain,2003,20032003TT,ActionSport,8.5,617,United States,THQ
Mario Kart: Double Dash!!,2003,20032003EE,ActionFamilyFantasy,8.5,2K,Japan,GameCube
Outcast,1999,19991999,ActionAdventureSci-Fi,8.5,167,Belgium,Appeal
Legacy of Kain: Defiance,2003,20032003MM,ActionAdventureFantasy,8.5,676,United States,Crystal Dynamics
Ace Combat 04: Shattered Skies,2001,20012001EE,ActionAdventureDrama,8.5,198,Japan,Namco
Zero,2001,20012001TT,HorrorMystery,8.5,582,Japan,Tecmo
Drakan: The Ancient's Gates,2002,20022002,ActionAdventureFantasy,8.5,62,United States,Outsource Media
Gran Turismo 4,2004,20042004EE,Sport,8.5,944,Japan,Polyphony Digital
Anachronox,2001,20012001TT,ActionAdventureSci-Fi,8.5,114,Canada,Ion Storm
The Journeyman Project 2: Buried in Time,1995,19951995K-AK-A,AdventureSci-Fi,8.5,49,United States,Presto Studios
Pirates!,1987,19871987,Adventure,8.5,129,United States,MicroProse Software Inc.
Colonization,1994,19941994,ActionAdventure,8.5,151,United States,MicroProse Software Inc.
Sonic the Hedgehog 2,1992,19921992EE,ActionAdventureFamily,8.5,2.7K,Japan,Sega Technical Institute
WCW/NWO Revenge,1998,19981998EE,ActionSport,8.5,152,United States,AKI USA Inc.
Doom II: Hell on Earth,1994,19941994MM,ActionHorrorSci-Fi,8.5,2.9K,United States,id Software
Brave Fencer Musashiden,1998,19981998EE,ActionAdventureComedy,8.5,97,Japan,Square Company
Rumble Racing,2001,20012001EE,FamilySport,8.5,47,United States,Electronic Arts (EA)
Battlezone II: Combat Commander,1999,19991999EE,Action,8.5,41,United States,Pandemic Production
Banjo-Tooie,2000,20002000EE,AdventureFantasy,8.5,899,United Kingdom,Rare
Phantasy Star Online,2000,20002000TT,ActionAdventureFantasy,8.5,105,Japan,Sonic Team
Paper Mario,2000,20002000EE,AdventureFantasy,8.5,1.3K,Japan,Nintendo
Half-Life: Counter-Strike,2000,20002000MM,ActionCrime,8.5,3.5K,United States,The Counter-Strike Team
WWF No Mercy,2000,20002000TT,ActionSport,8.5,273,United States,AKI USA Inc.
Banjo-Kazooie,1998,19981998EE,AdventureFantasy,8.5,1.7K,United Kingdom,Rare
Spy Fox in 'Dry Cereal',1997,19971997EE,ActionAdventureComedy,8.5,84,United States,Humongous Entertainment
Spyro: Year of the Dragon,2000,20002000EE,ActionAdventureFantasy,8.5,1.4K,United States,Cerny Games
Parasite Eve,1998,19981998MM,ActionDramaHorror,8.5,644,Japan,Square Company
Warcraft II: Tides of Darkness,1995,19951995,Fantasy,8.5,1.8K,United States,Blizzard Entertainment
Diablo,1996,19961996MM,ActionAdventureFantasy,8.5,2.9K,United States,Blizzard Entertainment
Spyro 2: Ripto's Rage!,1999,19991999EE,ActionAdventureFantasy,8.5,1.4K,United States,Insomniac Games
Wing Commander II: Vengeance of the Kilrathi,1991,19911991,ActionAdventureSci-Fi,8.5,176,United States,Origin Systems
Gran Turismo 2,1999,19991999EE,FamilySport,8.5,791,Japan,Polyphony Digital
Ultima Underworld II: Labyrinth of Worlds,1993,19931993,ActionAdventureFantasy,8.5,62,United States,Looking Glass Studios
Sûpâ Mario: Yosshî Airando,1995,19951995K-AK-A,ActionAdventureFantasy,8.5,2K,Japan,Nintendo
Someone's in the Kitchen!,1996,19961996,,8.5,10,United States,DreamWorks Interactive
Ys: Book 1&2,1990,19901990,ActionAdventureFantasy,8.5,85,Japan,Alfa System Co. Ltd.
"King's Quest VI: Heir Today, Gone Tomorrow",1992,19921992,AdventureFantasyRomance,8.5,301,United States,Sierra
Seiken densetsu 2,1993,19931993,ActionAdventureDrama,8.5,637,Japan,Square Company
Romancing SaGa 3,1995,19951995,AdventureDramaFantasy,8.5,25,Japan,Square Company
Tetris,1984,19841984,,8.5,3.2K,United States,AcademySoft
Nintendô ôru sutâ dairantô Sumasshu burazâzu,1999,19991999EE,ActionFantasy,8.5,2.3K,Japan,HAL Laboratory
Rama,1997,19971997K-AK-A,AdventureMysterySci-Fi,8.5,72,United States,Sierra Entertainment
Starsiege,1999,19991999,ActionSci-Fi,8.5,26,United States,Dynamix
Crash Bandicoot 2: Cortex Strikes Back,1997,19971997EE,ActionAdventureComedy,8.5,2.4K,United States,Naughty Dog
The X-Files Game,1998,19981998TT,AdventureMysterySci-Fi,8.5,830,United States,Hyperbole Studios
Star Wars: Jedi Knight - Dark Forces II,1997,19971997,ActionAdventureFantasy,8.5,1.3K,United States,LucasArts Entertainment Company
Noir,1996,19961996TT,AdventureCrimeMystery,8.5,28,United States,Cyberdreams
The Dig,1995,19951995K-AK-A,AdventureDramaSci-Fi,8.5,931,United States,LucasArts Entertainment Company
Command & Conquer: Red Alert,1996,19961996TT,ActionSci-FiWar,8.5,2.4K,United States,Westwood Studios Inc.
Catherine: Full Body,2019,20192019MM,FantasyHorrorRomance,8.4,270,Japan,Studio Zero (II)
Doctor Who Infinity: The Dalek Invasion of Time,2018,20182018,FantasySci-Fi,8.4,8,United Kingdom,Tiny Rebel Games
Super Mario Maker 2,2019,20192019EE,ActionFamily,8.4,665,Japan,Nintendo Entertainment Planning & Development (EPD)
Dark Deception,2018,20182018TT,AdventureHorrorSci-Fi,8.4,84,United States,Glowstick Entertainment
Warfare 1917,2013,20132013,War,8.4,12,United States,
Kingdom Rush Origins,2017,20172017,ActionAdventureFantasy,8.4,46,Uruguay,Ironhide Game Studio
Kingdom Rush Frontiers,2016,20162016,ActionAdventureFantasy,8.4,54,Uruguay,Ironhide Game Studio
Epic Seven,2018,20182018,ActionAdventureFantasy,8.4,19,South Korea,Smilegate
Judge Eyes: Shinigami no yuigon,2018,20182018MM,ActionCrimeDrama,8.4,410,Japan,Ryu Ga Gotoku Studio
Gris,2018,20182018EE,AdventureDramaFantasy,8.4,738,Spain,Nomada Studio
Tzar: The Burden of the Crown,2000,20002000,ActionWar,8.4,16,Bulgaria,Haemimont Games
Winx Club: Magical Fairy Party,2012,20122012EE,FamilyFantasy,8.4,6,United States,D3P Publisher
The Pillars of the Earth,2017,20172017MM,DramaHistory,8.4,58,Germany,Daedalic Entertainment
Hagane no Renkinjutsushi: Senaka o Takuseshimono,2010,20102010,Action,8.4,49,Japan,Namco Bandai Games
Danny Phantom: The Ultimate Enemy,2005,20052005EE,ActionFamilyFantasy,8.4,23,Japan,THQ
Persona Q2: New Cinema Labyrinth,2018,20182018MM,AdventureCrimeFamily,8.4,33,Japan,Atlus
Poptropica,2007,20072007EE,Adventure,8.4,40,United States,Jeff Kinney Group
Sonic Mania Plus,2018,20182018EE,ActionAdventureFamily,8.4,1.2K,,
11.22.63 VR,2016,20162016,DramaMysterySci-Fi,8.4,20,United States,RadicalMedia
DreamWorks Dragons: Rise Of Berk,2014,20142014,ActionAdventure,8.4,15,United States,Ludia
Copong,2016,20162016,Animation,8.4,16,Canada,Ministry of Motion (MOM) Studio
Europa Universalis IV,2013,20132013TT,History,8.4,278,Sweden,
Crusader Kings II,2012,20122012TT,History,8.4,207,Sweden,
Subnautica,2018,20182018E10+E10+,AdventureHorrorMystery,8.4,1.2K,United States,
Rakuen,2017,20172017,AdventureDramaFantasy,8.4,17,,
Vindictive Drive,2017,20172017,ActionThriller,8.4,9,Argentina,
The Exorcist: Legion VR,2017,20172017,Horror,8.4,12,United Kingdom,Wolf & Wood
Ariel's Story Studio,1997,19971997,AnimationFamilyMusical,8.4,14,United States,Disney Interactive
My Summer Car,2016,20162016TT,ActionAdventureComedy,8.4,36,Finland,Amistech Games
Guild Wars 2: Path of Fire,2017,20172017TT,Fantasy,8.4,87,United States,Blindlight
Grand Theft Auto: Episodes from Liberty City,2009,20092009MM,ActionCrimeDrama,8.4,891,United Kingdom,Rockstar North
Stunts,1990,19901990,,8.4,15,Canada,Distinctive Software Inc.
Cubots: The Origins,2017,20172017,Adventure,8.4,14,India,Street Lamp Games
Batman: The Enemy Within,2017,20172017MM,ActionCrimeDrama,8.4,1.9K,United States,Telltale Games
Starbo,2018,20182018,AdventureHorror,8.4,18,Sweden,Diax Game
Monument Valley,2014,20142014,AdventureFantasy,8.4,261,United Kingdom,Ustwo
Ib,2012,20122012,AdventureFantasyHorror,8.4,52,Japan,
Trump Castle: The Ultimate Casino Gambling Simulation,1988,19881988,,8.4,19,United States,Capstone Software
Call of Duty: Modern Warfare Remastered,2016,20162016MM,ActionThriller,8.4,2.2K,United States,Infinity Ward
Elite Dangerous: Horizons,2015,20152015,Sci-Fi,8.4,69,United Kingdom,Frontier Developments
Hatsune Miku Project Diva: Future Tone,2016,20162016,Music,8.4,25,Japan,Sega
Gods of Rome,2016,20162016,ActionFantasy,8.4,9,Canada,
Dishonored 2,2016,20162016MM,ActionAdventureFantasy,8.4,2.8K,France,Arkane Studios
Don't Starve: Shipwrecked,2016,20162016,,8.4,25,Canada,Klei Entertainment
Hoshi no Kâbi: Robobo puranetto,2016,20162016EE,ActionAdventureSci-Fi,8.4,476,Japan,HAL Laboratory
The Barn: The Video Game,2016,20162016,Horror,8.4,10,United States,Nevermore Production Studios
Yu-Gi-Oh: Deyueru monsutazu GX: Tagu fosue boryushon,2007,20072007EE,Action,8.4,40,Japan,
Hiveswap,2017,20172017,Adventure,8.4,12,United States,What Pumpkin Games
Star Wars: The Old Republic - Knights of the Fallen Empire,2015,20152015TT,ActionAdventureFantasy,8.4,418,United States,Bioware
Tactics Ogre: Let Us Cling Together,1995,19951995,ActionAdventureFantasy,8.4,31,Japan,Square Enix Company
Halo: Combat Evolved Anniversary,2011,20112011MM,ActionAdventureMystery,8.4,1.5K,,343 Industries
Destiny: The Taken King,2015,20152015TT,ActionAdventureFantasy,8.4,827,United States,Bungie Studios
"Sons of Anarchy: The Prospect, Episode 1",2015,20152015,Drama,8.4,48,United States,Orpheus Interactive
South Park: The Fractured But Whole,2017,20172017MM,ActionAdventureComedy,8.4,1.9K,United States,South Park Digital Studios
Gears of War: Ultimate Edition,2015,20152015MM,ActionSci-FiWar,8.4,781,Canada,Storylab Productions
Freddi Fish 4: The Case of the Hogfish Rustlers of Briny Gulch,1999,19991999,Adventure,8.4,22,United States,Humongous Entertainment
Might and Magic VI: The Mandate of Heaven,1998,19981998,AdventureFantasySci-Fi,8.4,44,United States,New World Computing
Overwatch,2016,20162016TT,ActionAdventureFantasy,8.4,4.9K,United States,Blizzard Entertainment
Mitsume ga tooru,1992,19921992,Action,8.4,8,Japan,Natsume
Kingdom Rush,2011,20112011,ActionAdventureComedy,8.4,88,Uruguay,Ironhide Game Studio
Rurouni Kenshin: meiji kenyaku romantan ishin gekitouhen,1996,19961996,ActionFantasy,8.4,22,Japan,Zoom Inc.
Mata Nui Adventure Game,2001,20012001,AdventureFantasy,8.4,20,United States,Templar Studios
Gemini Rue,2011,20112011,AdventureMysterySci-Fi,8.4,187,United States,
Tornado Outbreak,2009,20092009,Action,8.4,9,United States,Loose Cannon Studios
Elite: Dangerous,2014,20142014,ActionAdventureSci-Fi,8.4,161,United Kingdom,Frontier Developments
Outlast: Whistleblower,2014,20142014MM,ActionHorrorMystery,8.4,1.9K,Canada,Red Barrels
"Zombies, Run! 2",2013,20132013,Action,8.4,23,United Kingdom,Six to Start
The Stanley Parable,2013,20132013TT,AdventureComedyFantasy,8.4,2.7K,United States,Galactic Cafe
Valiant Hearts: The Great War,2014,20142014TT,AdventureDramaHistory,8.4,1.4K,France,Ubisoft Montpellier Studio
Neverwinter Nights 2: Mask of the Betrayer,2007,20072007TT,ActionAdventureFantasy,8.4,60,United States,Obsidian Entertainment
Silver,1999,19991999,AdventureFantasy,8.4,34,United Kingdom,Infogrames UK Ltd.
Kamen Raidâ Batoraido Wô,2013,20132013,Action,8.4,10,Japan,Namco Bandai Games
Dishonored,2012,20122012MM,ActionAdventureFantasy,8.4,8.7K,United States,Arkane Studios
Spec Ops: The Line,2012,20122012MM,ActionDramaMystery,8.4,3.5K,United States,Yager Development
Beyond: Two Souls,2013,20132013MM,ActionAdventureDrama,8.4,12K,France,Quantic Dream
BioShock 2: Minerva's Den,2010,20102010,ActionAdventureHorror,8.4,970,United States,2K Marin
Mario & Ruîji RPG 3!!!,2009,20092009EE,AdventureComedyFantasy,8.4,484,Japan,AlphaDream
As Dusk Falls,2022,20222022MM,CrimeThriller,8.4,117,United Kingdom,Interior Night
inFamous 2,2011,20112011TT,ActionAdventureFantasy,8.4,3K,United States,Sucker Punch Productions
The Book of Unwritten Tales,2011,20112011TT,Adventure,8.4,88,Germany,KING Art
Nexus: The Jupiter Incident,2004,20042004,,8.4,18,Hungary,Mithis Entertainment
Sengoku basara 3,2010,20102010TT,ActionAdventureDrama,8.4,38,Japan,Capcom Company
Red Dead Redemption: Undead Nightmare,2010,20102010MM,ActionDramaFantasy,8.4,4.1K,United States,Rockstar San Diego
Mount & Blade: Warband,2010,20102010,AdventureWar,8.4,773,Turkey,Paradox Interactive
Football Manager 2011,2010,20102010,Sport,8.4,185,United Kingdom,Sega
Bloodborne PSX,2022,20222022MM,ActionAdventureFantasy,8.4,16,United States,LWMedia
Expeditions: Rome,2022,20222022,AdventureHistoryWar,8.4,9,Denmark,Logic Artists
CR: Back to the Future,2008,20082008,Adventure,8.4,42,Japan,Universal Pictures
Saiko No Sutoka,2020,20202020,AdventureHorror,8.4,8,,
